target	purpose	source
m14_ebrfire1.ogg	mw2 report	D:\Call of Duty - Modern Warfare 2 .FF Files\Call of Duty - Modern Warfare 2 Sound, VO & Music\.FF Files\weapons\m14\weap_m14_slmn_5.wav
m14_ebrfire2.ogg	mw2 report	D:\Call of Duty - Modern Warfare 2 .FF Files\Call of Duty - Modern Warfare 2 Sound, VO & Music\.FF Files\weapons\m14\weap_m14_slst_5.wav
m14_ebrfire3.ogg	mw2 report	D:\Call of Duty - Modern Warfare 2 .FF Files\Call of Duty - Modern Warfare 2 Sound, VO & Music\.FF Files\weapons\m14\weap_m14_slmn_5.wav
m14_ebrdist.ogg	mw2 distant report	D:\Call of Duty - Modern Warfare 2 .FF Files\Call of Duty - Modern Warfare 2 Sound, VO & Music\.FF Files\weapons\m14\weap_m14_slst_5.wav
m14_ebrreload.ogg	mw2 designed reload	D:\Call of Duty - Modern Warfare 2 .FF Files\Call of Duty - Modern Warfare 2 Sound, VO & Music\.FF Files\foley\wpfoly_m14_reload_clipout_v1.wav + D:\Call of Duty - Modern Warfare 2 .FF Files\Call of Duty - Modern Warfare 2 Sound, VO & Music\.FF Files\foley\wpfoly_m14_reload_clipin_tac_v1.wav + D:\Call of Duty - Modern Warfare 2 .FF Files\Call of Duty - Modern Warfare 2 Sound, VO & Music\.FF Files\foley\wpfoly_m14_reload_chamber_v1.wav
m14_ebrdraw.ogg	mw2 draw	D:\Call of Duty - Modern Warfare 2 .FF Files\Call of Duty - Modern Warfare 2 Sound, VO & Music\.FF Files\foley\wpfoly_m14_reload_lift_v1.wav
m14_ebrholster.ogg	mw2 holster	D:\Call of Duty - Modern Warfare 2 .FF Files\Call of Duty - Modern Warfare 2 Sound, VO & Music\.FF Files\foley\wpfoly_m14_reload_lift_v1.wav
m14_ebrunload.ogg	mw2 unload	D:\Call of Duty - Modern Warfare 2 .FF Files\Call of Duty - Modern Warfare 2 Sound, VO & Music\.FF Files\foley\wpfoly_m14_reload_clipout_v1.wav
m14_ebrreloadend.ogg	mw2 reloadend	D:\Call of Duty - Modern Warfare 2 .FF Files\Call of Duty - Modern Warfare 2 Sound, VO & Music\.FF Files\foley\wpfoly_m14_reload_chamber_v1.wav
m14_ebrempty.ogg	mw2 empty	D:\Call of Duty - Modern Warfare 2 .FF Files\Call of Duty - Modern Warfare 2 Sound, VO & Music\.FF Files\foley\wpfoly_m14_reload_chamber_v1.wav
ump45fire1.ogg	mw2 report	D:\Call of Duty - Modern Warfare 2 .FF Files\Call of Duty - Modern Warfare 2 Sound, VO & Music\.FF Files\weapons\ump45\weap_ump45_slmn_1c3b.wav
ump45fire2.ogg	mw2 report	D:\Call of Duty - Modern Warfare 2 .FF Files\Call of Duty - Modern Warfare 2 Sound, VO & Music\.FF Files\weapons\ump45\weap_ump45_slst_10b.wav
ump45fire3.ogg	mw2 report	D:\Call of Duty - Modern Warfare 2 .FF Files\Call of Duty - Modern Warfare 2 Sound, VO & Music\.FF Files\weapons\ump45\weap_ump45_slmn_1c3b.wav
ump45dist.ogg	mw2 distant report	D:\Call of Duty - Modern Warfare 2 .FF Files\Call of Duty - Modern Warfare 2 Sound, VO & Music\.FF Files\weapons\ump45\weap_ump45_slst_10b.wav
ump45reload.ogg	mw2 designed reload	D:\Call of Duty - Modern Warfare 2 .FF Files\Call of Duty - Modern Warfare 2 Sound, VO & Music\.FF Files\foley\wpfoly_ump45_reload_clipout_v1.wav + D:\Call of Duty - Modern Warfare 2 .FF Files\Call of Duty - Modern Warfare 2 Sound, VO & Music\.FF Files\foley\wpfoly_ump45_reload_clipin_v1.wav + D:\Call of Duty - Modern Warfare 2 .FF Files\Call of Duty - Modern Warfare 2 Sound, VO & Music\.FF Files\foley\wpfoly_ump45_reload_chamber_v1.wav
ump45draw.ogg	mw2 draw	D:\Call of Duty - Modern Warfare 2 .FF Files\Call of Duty - Modern Warfare 2 Sound, VO & Music\.FF Files\foley\wpfoly_ump45_reload_lift_v1.wav
ump45holster.ogg	mw2 holster	D:\Call of Duty - Modern Warfare 2 .FF Files\Call of Duty - Modern Warfare 2 Sound, VO & Music\.FF Files\foley\wpfoly_ump45_reload_lift_v1.wav
ump45unload.ogg	mw2 unload	D:\Call of Duty - Modern Warfare 2 .FF Files\Call of Duty - Modern Warfare 2 Sound, VO & Music\.FF Files\foley\wpfoly_ump45_reload_clipout_v1.wav
ump45reloadend.ogg	mw2 reloadend	D:\Call of Duty - Modern Warfare 2 .FF Files\Call of Duty - Modern Warfare 2 Sound, VO & Music\.FF Files\foley\wpfoly_ump45_reload_chamber_v1.wav
ump45empty.ogg	mw2 empty	D:\Call of Duty - Modern Warfare 2 .FF Files\Call of Duty - Modern Warfare 2 Sound, VO & Music\.FF Files\foley\wpfoly_ump45_reload_chamber_v1.wav
pp2000fire1.ogg	mw2 report	D:\Call of Duty - Modern Warfare 2 .FF Files\Call of Duty - Modern Warfare 2 Sound, VO & Music\.FF Files\weapons\pp2000\weap_pp2000_slmn_01c.wav
pp2000fire2.ogg	mw2 report	D:\Call of Duty - Modern Warfare 2 .FF Files\Call of Duty - Modern Warfare 2 Sound, VO & Music\.FF Files\weapons\pp2000\weap_pp2000_slst_01c2.wav
pp2000fire3.ogg	mw2 report	D:\Call of Duty - Modern Warfare 2 .FF Files\Call of Duty - Modern Warfare 2 Sound, VO & Music\.FF Files\weapons\pp2000\weap_pp2000_slmn_01c.wav
pp2000dist.ogg	mw2 distant report	D:\Call of Duty - Modern Warfare 2 .FF Files\Call of Duty - Modern Warfare 2 Sound, VO & Music\.FF Files\weapons\pp2000\weap_pp2000_slst_01c2.wav
pp2000reload.ogg	mw2 designed reload	D:\Call of Duty - Modern Warfare 2 .FF Files\Call of Duty - Modern Warfare 2 Sound, VO & Music\.FF Files\foley\wpfoly_pp2000_reload_clipout_v1.wav + D:\Call of Duty - Modern Warfare 2 .FF Files\Call of Duty - Modern Warfare 2 Sound, VO & Music\.FF Files\foley\wpfoly_pp2000_reload_clipin_v1.wav + D:\Call of Duty - Modern Warfare 2 .FF Files\Call of Duty - Modern Warfare 2 Sound, VO & Music\.FF Files\foley\wpfoly_pp2000_reload_chamber_v1.wav
pp2000draw.ogg	mw2 draw	D:\Call of Duty - Modern Warfare 2 .FF Files\Call of Duty - Modern Warfare 2 Sound, VO & Music\.FF Files\foley\wpfoly_pp2000_reload_first_lift_v1.wav
pp2000holster.ogg	mw2 holster	D:\Call of Duty - Modern Warfare 2 .FF Files\Call of Duty - Modern Warfare 2 Sound, VO & Music\.FF Files\foley\wpfoly_pp2000_reload_first_lift_v1.wav
pp2000unload.ogg	mw2 unload	D:\Call of Duty - Modern Warfare 2 .FF Files\Call of Duty - Modern Warfare 2 Sound, VO & Music\.FF Files\foley\wpfoly_pp2000_reload_clipout_v1.wav
pp2000reloadend.ogg	mw2 reloadend	D:\Call of Duty - Modern Warfare 2 .FF Files\Call of Duty - Modern Warfare 2 Sound, VO & Music\.FF Files\foley\wpfoly_pp2000_reload_chamber_v1.wav
pp2000empty.ogg	mw2 empty	D:\Call of Duty - Modern Warfare 2 .FF Files\Call of Duty - Modern Warfare 2 Sound, VO & Music\.FF Files\foley\wpfoly_pp2000_reload_chamber_v1.wav
aa12fire1.ogg	mw2 report	D:\Call of Duty - Modern Warfare 2 .FF Files\Call of Duty - Modern Warfare 2 Sound, VO & Music\.FF Files\weapons\shotgun\mrk_12ga_shotgun_pump1.wav
aa12fire2.ogg	mw2 report	D:\Call of Duty - Modern Warfare 2 .FF Files\Call of Duty - Modern Warfare 2 Sound, VO & Music\.FF Files\weapons\shotgun\weap_aa12_slmn_1.wav
aa12fire3.ogg	mw2 report	D:\Call of Duty - Modern Warfare 2 .FF Files\Call of Duty - Modern Warfare 2 Sound, VO & Music\.FF Files\weapons\shotgun\weap_aa12_slst_1.wav
aa12dist.ogg	mw2 distant report	D:\Call of Duty - Modern Warfare 2 .FF Files\Call of Duty - Modern Warfare 2 Sound, VO & Music\.FF Files\weapons\shotgun\wpnfoley_shotgun_load3.wav
aa12reload.ogg	mw2 designed reload	D:\Call of Duty - Modern Warfare 2 .FF Files\Call of Duty - Modern Warfare 2 Sound, VO & Music\.FF Files\foley\wpfoly_aa12_reload_clipout_v1.wav + D:\Call of Duty - Modern Warfare 2 .FF Files\Call of Duty - Modern Warfare 2 Sound, VO & Music\.FF Files\foley\wpfoly_aa12_reload_clipin_v1.wav + D:\Call of Duty - Modern Warfare 2 .FF Files\Call of Duty - Modern Warfare 2 Sound, VO & Music\.FF Files\foley\wpfoly_aa12_reload_chamber_v1.wav
aa12draw.ogg	mw2 draw	D:\Call of Duty - Modern Warfare 2 .FF Files\Call of Duty - Modern Warfare 2 Sound, VO & Music\.FF Files\foley\wpfoly_aa12_reload_lift_v1.wav
aa12holster.ogg	mw2 holster	D:\Call of Duty - Modern Warfare 2 .FF Files\Call of Duty - Modern Warfare 2 Sound, VO & Music\.FF Files\foley\wpfoly_aa12_reload_lift_v1.wav
aa12unload.ogg	mw2 unload	D:\Call of Duty - Modern Warfare 2 .FF Files\Call of Duty - Modern Warfare 2 Sound, VO & Music\.FF Files\foley\wpfoly_aa12_reload_clipout_v1.wav
aa12reloadend.ogg	mw2 reloadend	D:\Call of Duty - Modern Warfare 2 .FF Files\Call of Duty - Modern Warfare 2 Sound, VO & Music\.FF Files\foley\wpfoly_aa12_reload_chamber_v1.wav
aa12empty.ogg	mw2 empty	D:\Call of Duty - Modern Warfare 2 .FF Files\Call of Duty - Modern Warfare 2 Sound, VO & Music\.FF Files\foley\wpfoly_aa12_reload_chamber_v1.wav
cm901fire1.ogg	mw3 report	D:\Call of Duty - Modern Warfare 3 .FF Files\Call of Duty - Modern Warfare 3 Sound, VO & Music\.FF Files\weapons\cm901\weap_cm901_slmn_1.wav
cm901fire2.ogg	mw3 report	D:\Call of Duty - Modern Warfare 3 .FF Files\Call of Duty - Modern Warfare 3 Sound, VO & Music\.FF Files\weapons\cm901\weap_cm901_slst_1.wav
cm901fire3.ogg	mw3 report	D:\Call of Duty - Modern Warfare 3 .FF Files\Call of Duty - Modern Warfare 3 Sound, VO & Music\.FF Files\weapons\cm901\weap_cm901_slmn_1.wav
cm901dist.ogg	mw3 distant report	D:\Call of Duty - Modern Warfare 3 .FF Files\Call of Duty - Modern Warfare 3 Sound, VO & Music\.FF Files\weapons\cm901\weap_cm901_slst_1.wav
cm901reload.ogg	mw3 designed reload	D:\Call of Duty - Modern Warfare 3 .FF Files\Call of Duty - Modern Warfare 3 Sound, VO & Music\.FF Files\foley\wpfoly_cm901_reload_clipout_v1.wav + D:\Call of Duty - Modern Warfare 3 .FF Files\Call of Duty - Modern Warfare 3 Sound, VO & Music\.FF Files\foley\wpfoly_cm901_reload_clipin_v1.wav + D:\Call of Duty - Modern Warfare 3 .FF Files\Call of Duty - Modern Warfare 3 Sound, VO & Music\.FF Files\foley\wpfoly_cm901_reload_chamber_v1.wav
cm901draw.ogg	mw3 draw	D:\Call of Duty - Modern Warfare 3 .FF Files\Call of Duty - Modern Warfare 3 Sound, VO & Music\.FF Files\foley\wpfoly_cm901_reload_lift_v1.wav
cm901holster.ogg	mw3 holster	D:\Call of Duty - Modern Warfare 3 .FF Files\Call of Duty - Modern Warfare 3 Sound, VO & Music\.FF Files\foley\wpfoly_cm901_reload_lift_v1.wav
cm901unload.ogg	mw3 unload	D:\Call of Duty - Modern Warfare 3 .FF Files\Call of Duty - Modern Warfare 3 Sound, VO & Music\.FF Files\foley\wpfoly_cm901_reload_clipout_v1.wav
cm901reloadend.ogg	mw3 reloadend	D:\Call of Duty - Modern Warfare 3 .FF Files\Call of Duty - Modern Warfare 3 Sound, VO & Music\.FF Files\foley\wpfoly_cm901_reload_chamber_v1.wav
cm901empty.ogg	mw3 empty	D:\Call of Duty - Modern Warfare 3 .FF Files\Call of Duty - Modern Warfare 3 Sound, VO & Music\.FF Files\foley\wpfoly_cm901_reload_chamber_v1.wav
msrfire1.ogg	mw3 report	D:\Call of Duty - Modern Warfare 3 .FF Files\Call of Duty - Modern Warfare 3 Sound, VO & Music\.FF Files\weapons\msr\weap_msr_slmn_1.wav
msrfire2.ogg	mw3 report	D:\Call of Duty - Modern Warfare 3 .FF Files\Call of Duty - Modern Warfare 3 Sound, VO & Music\.FF Files\weapons\msr\weap_msr_slst_1.wav
msrfire3.ogg	mw3 report	D:\Call of Duty - Modern Warfare 3 .FF Files\Call of Duty - Modern Warfare 3 Sound, VO & Music\.FF Files\weapons\msr\weap_msr_slmn_1.wav
msrdist.ogg	mw3 distant report	D:\Call of Duty - Modern Warfare 3 .FF Files\Call of Duty - Modern Warfare 3 Sound, VO & Music\.FF Files\weapons\msr\weap_msr_slst_1.wav
msrreload.ogg	mw3 designed reload	D:\Call of Duty - Modern Warfare 3 .FF Files\Call of Duty - Modern Warfare 3 Sound, VO & Music\.FF Files\foley\wpfoly_msr_reload_boltopen_v1.wav + D:\Call of Duty - Modern Warfare 3 .FF Files\Call of Duty - Modern Warfare 3 Sound, VO & Music\.FF Files\foley\wpfoly_msr_reload_boltclose_v1.wav + D:\Call of Duty - Modern Warfare 3 .FF Files\Call of Duty - Modern Warfare 3 Sound, VO & Music\.FF Files\foley\wpfoly_msr_reload_boltclose_v1.wav
msrdraw.ogg	mw3 draw	D:\Call of Duty - Modern Warfare 3 .FF Files\Call of Duty - Modern Warfare 3 Sound, VO & Music\.FF Files\foley\wpfoly_msr_reload_lift_v1.wav
msrholster.ogg	mw3 holster	D:\Call of Duty - Modern Warfare 3 .FF Files\Call of Duty - Modern Warfare 3 Sound, VO & Music\.FF Files\foley\wpfoly_msr_reload_lift_v1.wav
msrunload.ogg	mw3 unload	D:\Call of Duty - Modern Warfare 3 .FF Files\Call of Duty - Modern Warfare 3 Sound, VO & Music\.FF Files\foley\wpfoly_msr_reload_boltopen_v1.wav
msrreloadend.ogg	mw3 reloadend	D:\Call of Duty - Modern Warfare 3 .FF Files\Call of Duty - Modern Warfare 3 Sound, VO & Music\.FF Files\foley\wpfoly_msr_reload_boltclose_v1.wav
msrempty.ogg	mw3 empty	D:\Call of Duty - Modern Warfare 3 .FF Files\Call of Duty - Modern Warfare 3 Sound, VO & Music\.FF Files\foley\wpfoly_msr_reload_boltclose_v1.wav
pp90m1fire1.ogg	mw3 report	D:\Call of Duty - Modern Warfare 3 .FF Files\Call of Duty - Modern Warfare 3 Sound, VO & Music\.FF Files\weapons\pp90\weap_pp90_slst_1.wav
pp90m1fire2.ogg	mw3 report	D:\Call of Duty - Modern Warfare 3 .FF Files\Call of Duty - Modern Warfare 3 Sound, VO & Music\.FF Files\weapons\pp90\weap_pp90_slst_1.wav
pp90m1fire3.ogg	mw3 report	D:\Call of Duty - Modern Warfare 3 .FF Files\Call of Duty - Modern Warfare 3 Sound, VO & Music\.FF Files\weapons\pp90\weap_pp90_slst_1.wav
pp90m1dist.ogg	mw3 distant report	D:\Call of Duty - Modern Warfare 3 .FF Files\Call of Duty - Modern Warfare 3 Sound, VO & Music\.FF Files\weapons\pp90\weap_pp90_slst_1.wav
pp90m1reload.ogg	mw3 designed reload	D:\Call of Duty - Modern Warfare 3 .FF Files\Call of Duty - Modern Warfare 3 Sound, VO & Music\.FF Files\foley\wpfoly_ump45_reload_clipout_v1.wav + D:\Call of Duty - Modern Warfare 3 .FF Files\Call of Duty - Modern Warfare 3 Sound, VO & Music\.FF Files\foley\wpfoly_ump45_reload_clipin_v1.wav + D:\Call of Duty - Modern Warfare 3 .FF Files\Call of Duty - Modern Warfare 3 Sound, VO & Music\.FF Files\foley\wpfoly_ump45_reload_chamber_v1.wav
pp90m1draw.ogg	mw3 draw	D:\Call of Duty - Modern Warfare 3 .FF Files\Call of Duty - Modern Warfare 3 Sound, VO & Music\.FF Files\foley\wpfoly_ump45_reload_lift_v1.wav
pp90m1holster.ogg	mw3 holster	D:\Call of Duty - Modern Warfare 3 .FF Files\Call of Duty - Modern Warfare 3 Sound, VO & Music\.FF Files\foley\wpfoly_ump45_reload_lift_v1.wav
pp90m1unload.ogg	mw3 unload	D:\Call of Duty - Modern Warfare 3 .FF Files\Call of Duty - Modern Warfare 3 Sound, VO & Music\.FF Files\foley\wpfoly_ump45_reload_clipout_v1.wav
pp90m1reloadend.ogg	mw3 reloadend	D:\Call of Duty - Modern Warfare 3 .FF Files\Call of Duty - Modern Warfare 3 Sound, VO & Music\.FF Files\foley\wpfoly_ump45_reload_chamber_v1.wav
pp90m1empty.ogg	mw3 empty	D:\Call of Duty - Modern Warfare 3 .FF Files\Call of Duty - Modern Warfare 3 Sound, VO & Music\.FF Files\foley\wpfoly_ump45_reload_chamber_v1.wav
rsassfire1.ogg	mw3 report	D:\Call of Duty - Modern Warfare 3 .FF Files\Call of Duty - Modern Warfare 3 Sound, VO & Music\.FF Files\weapons\rsass\weap_rsass_slmn_1.wav
rsassfire2.ogg	mw3 report	D:\Call of Duty - Modern Warfare 3 .FF Files\Call of Duty - Modern Warfare 3 Sound, VO & Music\.FF Files\weapons\rsass\weap_rsass_slst_1.wav
rsassfire3.ogg	mw3 report	D:\Call of Duty - Modern Warfare 3 .FF Files\Call of Duty - Modern Warfare 3 Sound, VO & Music\.FF Files\weapons\rsass\weap_rsass_slmn_1.wav
rsassdist.ogg	mw3 distant report	D:\Call of Duty - Modern Warfare 3 .FF Files\Call of Duty - Modern Warfare 3 Sound, VO & Music\.FF Files\weapons\rsass\weap_rsass_slst_1.wav
rsassreload.ogg	mw3 designed reload	D:\Call of Duty - Modern Warfare 3 .FF Files\Call of Duty - Modern Warfare 3 Sound, VO & Music\.FF Files\foley\wpfoly_rsass_reload_clipout_v1.wav + D:\Call of Duty - Modern Warfare 3 .FF Files\Call of Duty - Modern Warfare 3 Sound, VO & Music\.FF Files\foley\wpfoly_rsass_reload_clipin_v1.wav + D:\Call of Duty - Modern Warfare 3 .FF Files\Call of Duty - Modern Warfare 3 Sound, VO & Music\.FF Files\foley\wpfoly_rsass_reload_chamber_v1.wav
rsassdraw.ogg	mw3 draw	D:\Call of Duty - Modern Warfare 3 .FF Files\Call of Duty - Modern Warfare 3 Sound, VO & Music\.FF Files\foley\wpfoly_rsass_reload_lift_v1.wav
rsassholster.ogg	mw3 holster	D:\Call of Duty - Modern Warfare 3 .FF Files\Call of Duty - Modern Warfare 3 Sound, VO & Music\.FF Files\foley\wpfoly_rsass_reload_lift_v1.wav
rsassunload.ogg	mw3 unload	D:\Call of Duty - Modern Warfare 3 .FF Files\Call of Duty - Modern Warfare 3 Sound, VO & Music\.FF Files\foley\wpfoly_rsass_reload_clipout_v1.wav
rsassreloadend.ogg	mw3 reloadend	D:\Call of Duty - Modern Warfare 3 .FF Files\Call of Duty - Modern Warfare 3 Sound, VO & Music\.FF Files\foley\wpfoly_rsass_reload_chamber_v1.wav
rsassempty.ogg	mw3 empty	D:\Call of Duty - Modern Warfare 3 .FF Files\Call of Duty - Modern Warfare 3 Sound, VO & Music\.FF Files\foley\wpfoly_rsass_reload_chamber_v1.wav
mg36fire1.ogg	mw3 report	D:\Call of Duty - Modern Warfare 3 .FF Files\Call of Duty - Modern Warfare 3 Sound, VO & Music\.FF Files\weapons\mg36\weap_mg36_slmn_1b.wav
mg36fire2.ogg	mw3 report	D:\Call of Duty - Modern Warfare 3 .FF Files\Call of Duty - Modern Warfare 3 Sound, VO & Music\.FF Files\weapons\mg36\weap_mg36_slst_1b.wav
mg36fire3.ogg	mw3 report	D:\Call of Duty - Modern Warfare 3 .FF Files\Call of Duty - Modern Warfare 3 Sound, VO & Music\.FF Files\weapons\mg36\weap_mg36_slmn_1b.wav
mg36dist.ogg	mw3 distant report	D:\Call of Duty - Modern Warfare 3 .FF Files\Call of Duty - Modern Warfare 3 Sound, VO & Music\.FF Files\weapons\mg36\weap_mg36_slst_1b.wav
mg36reload.ogg	mw3 designed reload	D:\Call of Duty - Modern Warfare 3 .FF Files\Call of Duty - Modern Warfare 3 Sound, VO & Music\.FF Files\foley\wpfoly_mg36_reload_clipout_v1.wav + D:\Call of Duty - Modern Warfare 3 .FF Files\Call of Duty - Modern Warfare 3 Sound, VO & Music\.FF Files\foley\wpfoly_mg36_reload_clipin_v1.wav + D:\Call of Duty - Modern Warfare 3 .FF Files\Call of Duty - Modern Warfare 3 Sound, VO & Music\.FF Files\foley\wpfoly_mg36_reload_chamber_v1.wav
mg36draw.ogg	mw3 draw	D:\Call of Duty - Modern Warfare 3 .FF Files\Call of Duty - Modern Warfare 3 Sound, VO & Music\.FF Files\foley\wpfoly_mg36_reload_lift_v1.wav
mg36holster.ogg	mw3 holster	D:\Call of Duty - Modern Warfare 3 .FF Files\Call of Duty - Modern Warfare 3 Sound, VO & Music\.FF Files\foley\wpfoly_mg36_reload_lift_v1.wav
mg36unload.ogg	mw3 unload	D:\Call of Duty - Modern Warfare 3 .FF Files\Call of Duty - Modern Warfare 3 Sound, VO & Music\.FF Files\foley\wpfoly_mg36_reload_clipout_v1.wav
mg36reloadend.ogg	mw3 reloadend	D:\Call of Duty - Modern Warfare 3 .FF Files\Call of Duty - Modern Warfare 3 Sound, VO & Music\.FF Files\foley\wpfoly_mg36_reload_chamber_v1.wav
mg36empty.ogg	mw3 empty	D:\Call of Duty - Modern Warfare 3 .FF Files\Call of Duty - Modern Warfare 3 Sound, VO & Music\.FF Files\foley\wpfoly_mg36_reload_chamber_v1.wav
stg44fire1.ogg	waw report	D:\Call of Duty - World at War .FF Files\Call of Duty World at War .FF Sound Files\Sound\sfx\weapon\rifle\mp44\fire\act\act_00.wav
stg44fire2.ogg	waw report	D:\Call of Duty - World at War .FF Files\Call of Duty World at War .FF Sound Files\Sound\sfx\weapon\rifle\mp44\fire\act\act_01.wav
stg44fire3.ogg	waw report	D:\Call of Duty - World at War .FF Files\Call of Duty World at War .FF Sound Files\Sound\sfx\weapon\rifle\mp44\fire\act\act_02.wav
stg44dist.ogg	waw distant report	D:\Call of Duty - World at War .FF Files\Call of Duty World at War .FF Sound Files\Sound\sfx\weapon\rifle\mp44\fire\wpn_mp44_st_r.wav
stg44reload.ogg	waw designed reload	D:\Call of Duty - World at War .FF Files\Call of Duty World at War .FF Sound Files\Sound\sfx\weapon\rifle\mp44\foley\gr_mp44_mag_out.wav + D:\Call of Duty - World at War .FF Files\Call of Duty World at War .FF Sound Files\Sound\sfx\weapon\rifle\mp44\foley\gr_mp44_mag_in.wav + D:\Call of Duty - World at War .FF Files\Call of Duty World at War .FF Sound Files\Sound\sfx\weapon\rifle\mp44\foley\gr_mp44_charge.wav
stg44draw.ogg	waw draw	D:\Call of Duty - World at War .FF Files\Call of Duty World at War .FF Sound Files\Sound\sfx\weapon\rifle\mp44\foley\stg44_raise.wav
stg44holster.ogg	waw holster	D:\Call of Duty - World at War .FF Files\Call of Duty World at War .FF Sound Files\Sound\sfx\weapon\rifle\mp44\foley\stg44_raise.wav
stg44unload.ogg	waw unload	D:\Call of Duty - World at War .FF Files\Call of Duty World at War .FF Sound Files\Sound\sfx\weapon\rifle\mp44\foley\gr_mp44_mag_out.wav
stg44reloadend.ogg	waw reloadend	D:\Call of Duty - World at War .FF Files\Call of Duty World at War .FF Sound Files\Sound\sfx\weapon\rifle\mp44\foley\gr_mp44_charge.wav
stg44empty.ogg	waw empty	D:\Call of Duty - World at War .FF Files\Call of Duty World at War .FF Sound Files\Sound\sfx\weapon\rifle\mp44\foley\gr_mp44_charge.wav
ppsh41fire1.ogg	waw report	D:\Call of Duty - World at War .FF Files\Call of Duty World at War .FF Sound Files\Sound\sfx\weapon\smg\ppsh\fire\act\act_00.wav
ppsh41fire2.ogg	waw report	D:\Call of Duty - World at War .FF Files\Call of Duty World at War .FF Sound Files\Sound\sfx\weapon\smg\ppsh\fire\act\act_01.wav
ppsh41fire3.ogg	waw report	D:\Call of Duty - World at War .FF Files\Call of Duty World at War .FF Sound Files\Sound\sfx\weapon\smg\ppsh\fire\mono\wpn_ppsh_mnh_00.wav
ppsh41dist.ogg	waw distant report	D:\Call of Duty - World at War .FF Files\Call of Duty World at War .FF Sound Files\Sound\sfx\weapon\smg\ppsh\fire\wpn_ppsh_st_sur.wav
ppsh41reload.ogg	waw designed reload	D:\Call of Duty - World at War .FF Files\Call of Duty World at War .FF Sound Files\Sound\sfx\weapon\smg\ppsh\foley\gr_ppsh_mag_out.wav + D:\Call of Duty - World at War .FF Files\Call of Duty World at War .FF Sound Files\Sound\sfx\weapon\smg\ppsh\foley\gr_ppsh_mag_in.wav + D:\Call of Duty - World at War .FF Files\Call of Duty World at War .FF Sound Files\Sound\sfx\weapon\smg\ppsh\foley\gr_ppsh_slide_forward.wav
ppsh41draw.ogg	waw draw	D:\Call of Duty - World at War .FF Files\Call of Duty World at War .FF Sound Files\Sound\sfx\weapon\smg\ppsh\foley\gr_ppsh_mag_in.wav
ppsh41holster.ogg	waw holster	D:\Call of Duty - World at War .FF Files\Call of Duty World at War .FF Sound Files\Sound\sfx\weapon\smg\ppsh\foley\gr_ppsh_mag_in.wav
ppsh41unload.ogg	waw unload	D:\Call of Duty - World at War .FF Files\Call of Duty World at War .FF Sound Files\Sound\sfx\weapon\smg\ppsh\foley\gr_ppsh_mag_out.wav
ppsh41reloadend.ogg	waw reloadend	D:\Call of Duty - World at War .FF Files\Call of Duty World at War .FF Sound Files\Sound\sfx\weapon\smg\ppsh\foley\gr_ppsh_slide_forward.wav
ppsh41empty.ogg	waw empty	D:\Call of Duty - World at War .FF Files\Call of Duty World at War .FF Sound Files\Sound\sfx\weapon\smg\ppsh\foley\gr_ppsh_slide_forward.wav
fg42fire1.ogg	waw report	D:\Call of Duty - World at War .FF Files\Call of Duty World at War .FF Sound Files\Sound\sfx\weapon\rifle\fg42\fire\wpn_fg42_st_act.wav
fg42fire2.ogg	waw report	D:\Call of Duty - World at War .FF Files\Call of Duty World at War .FF Sound Files\Sound\sfx\weapon\rifle\fg42\fire\wpn_fg42_st_f.wav
fg42fire3.ogg	waw report	D:\Call of Duty - World at War .FF Files\Call of Duty World at War .FF Sound Files\Sound\sfx\weapon\rifle\fg42\fire\wpn_fg42_st_act.wav
fg42dist.ogg	waw distant report	D:\Call of Duty - World at War .FF Files\Call of Duty World at War .FF Sound Files\Sound\sfx\weapon\rifle\fg42\fire\wpn_fg42_st_f.wav
fg42reload.ogg	waw designed reload	D:\Call of Duty - World at War .FF Files\Call of Duty World at War .FF Sound Files\Sound\sfx\weapon\rifle\fg42\foley\gr_fg42_mag_out.wav + D:\Call of Duty - World at War .FF Files\Call of Duty World at War .FF Sound Files\Sound\sfx\weapon\rifle\fg42\foley\gr_fg42_mag_in.wav + D:\Call of Duty - World at War .FF Files\Call of Duty World at War .FF Sound Files\Sound\sfx\weapon\rifle\fg42\foley\gr_fg42_release.wav
fg42draw.ogg	waw draw	D:\Call of Duty - World at War .FF Files\Call of Duty World at War .FF Sound Files\Sound\sfx\weapon\rifle\fg42\foley\gr_fg42.wav
fg42holster.ogg	waw holster	D:\Call of Duty - World at War .FF Files\Call of Duty World at War .FF Sound Files\Sound\sfx\weapon\rifle\fg42\foley\gr_fg42.wav
fg42unload.ogg	waw unload	D:\Call of Duty - World at War .FF Files\Call of Duty World at War .FF Sound Files\Sound\sfx\weapon\rifle\fg42\foley\gr_fg42_mag_out.wav
fg42reloadend.ogg	waw reloadend	D:\Call of Duty - World at War .FF Files\Call of Duty World at War .FF Sound Files\Sound\sfx\weapon\rifle\fg42\foley\gr_fg42_release.wav
fg42empty.ogg	waw empty	D:\Call of Duty - World at War .FF Files\Call of Duty World at War .FF Sound Files\Sound\sfx\weapon\rifle\fg42\foley\gr_fg42_release.wav
gewehr43fire1.ogg	waw report	D:\Call of Duty - World at War .FF Files\Call of Duty World at War .FF Sound Files\Sound\sfx\weapon\rifle\gewehr43\fire\wpn_g43_mn.wav
gewehr43fire2.ogg	waw report	D:\Call of Duty - World at War .FF Files\Call of Duty World at War .FF Sound Files\Sound\sfx\weapon\rifle\gewehr43\fire\wpn_g43_mn_act.wav
gewehr43fire3.ogg	waw report	D:\Call of Duty - World at War .FF Files\Call of Duty World at War .FF Sound Files\Sound\sfx\weapon\rifle\gewehr43\fire\wpn_g43_mn_sup.wav
gewehr43dist.ogg	waw distant report	D:\Call of Duty - World at War .FF Files\Call of Duty World at War .FF Sound Files\Sound\sfx\weapon\rifle\gewehr43\fire\wpn_g43_st_sup.wav
gewehr43reload.ogg	waw designed reload	D:\Call of Duty - World at War .FF Files\Call of Duty World at War .FF Sound Files\Sound\sfx\weapon\rifle\gewehr43\foley\gr_g43_mag_out.wav + D:\Call of Duty - World at War .FF Files\Call of Duty World at War .FF Sound Files\Sound\sfx\weapon\rifle\gewehr43\foley\gr_g43_mag_in.wav + D:\Call of Duty - World at War .FF Files\Call of Duty World at War .FF Sound Files\Sound\sfx\weapon\rifle\gewehr43\foley\gr_g43_slide_forward.wav
gewehr43draw.ogg	waw draw	D:\Call of Duty - World at War .FF Files\Call of Duty World at War .FF Sound Files\Sound\sfx\weapon\rifle\gewehr43\foley\gr_g43_mag_contact.wav
gewehr43holster.ogg	waw holster	D:\Call of Duty - World at War .FF Files\Call of Duty World at War .FF Sound Files\Sound\sfx\weapon\rifle\gewehr43\foley\gr_g43_mag_contact.wav
gewehr43unload.ogg	waw unload	D:\Call of Duty - World at War .FF Files\Call of Duty World at War .FF Sound Files\Sound\sfx\weapon\rifle\gewehr43\foley\gr_g43_mag_out.wav
gewehr43reloadend.ogg	waw reloadend	D:\Call of Duty - World at War .FF Files\Call of Duty World at War .FF Sound Files\Sound\sfx\weapon\rifle\gewehr43\foley\gr_g43_slide_forward.wav
gewehr43empty.ogg	waw empty	D:\Call of Duty - World at War .FF Files\Call of Duty World at War .FF Sound Files\Sound\sfx\weapon\rifle\gewehr43\foley\gr_g43_slide_forward.wav
type100fire1.ogg	waw report	D:\Call of Duty - World at War .FF Files\Call of Duty World at War .FF Sound Files\Sound\sfx\weapon\smg\type100\fire\wpn_type100_m_sup.wav
type100fire2.ogg	waw report	D:\Call of Duty - World at War .FF Files\Call of Duty World at War .FF Sound Files\Sound\sfx\weapon\smg\type100\fire\wpn_type100_mn.wav
type100fire3.ogg	waw report	D:\Call of Duty - World at War .FF Files\Call of Duty World at War .FF Sound Files\Sound\sfx\weapon\smg\type100\fire\wpn_type100_mn_act.wav
type100dist.ogg	waw distant report	D:\Call of Duty - World at War .FF Files\Call of Duty World at War .FF Sound Files\Sound\sfx\weapon\smg\type100\fire\wpn_type100_st_sup.wav
type100reload.ogg	waw designed reload	D:\Call of Duty - World at War .FF Files\Call of Duty World at War .FF Sound Files\Sound\sfx\weapon\smg\type100\foley\type100_mag_out.wav + D:\Call of Duty - World at War .FF Files\Call of Duty World at War .FF Sound Files\Sound\sfx\weapon\smg\type100\foley\type100_mag_in.wav + D:\Call of Duty - World at War .FF Files\Call of Duty World at War .FF Sound Files\Sound\sfx\weapon\smg\type100\foley\type100_charge.wav
type100draw.ogg	waw draw	D:\Call of Duty - World at War .FF Files\Call of Duty World at War .FF Sound Files\Sound\sfx\weapon\smg\type100\foley\type100_charge.wav
type100holster.ogg	waw holster	D:\Call of Duty - World at War .FF Files\Call of Duty World at War .FF Sound Files\Sound\sfx\weapon\smg\type100\foley\type100_charge.wav
type100unload.ogg	waw unload	D:\Call of Duty - World at War .FF Files\Call of Duty World at War .FF Sound Files\Sound\sfx\weapon\smg\type100\foley\type100_mag_out.wav
type100reloadend.ogg	waw reloadend	D:\Call of Duty - World at War .FF Files\Call of Duty World at War .FF Sound Files\Sound\sfx\weapon\smg\type100\foley\type100_charge.wav
type100empty.ogg	waw empty	D:\Call of Duty - World at War .FF Files\Call of Duty World at War .FF Sound Files\Sound\sfx\weapon\smg\type100\foley\type100_charge.wav
50cal_precision_riflefire1.ogg	Modern Warfare 2 report	D:\Call of Duty - Modern Warfare 2 .FF Files\Call of Duty - Modern Warfare 2 Sound, VO & Music\.FF Files\weapons\50cal\weap_50cal_slst_21e.wav
50cal_precision_riflefire2.ogg	Modern Warfare 2 report	D:\Call of Duty - Modern Warfare 2 .FF Files\Call of Duty - Modern Warfare 2 Sound, VO & Music\.FF Files\weapons\50cal\weap_50cal_temp_v2.wav
50cal_precision_riflefire3.ogg	Modern Warfare 2 report	D:\Call of Duty - Modern Warfare 2 .FF Files\Call of Duty - Modern Warfare 2 Sound, VO & Music\.FF Files\weapons\50cal\weap_50cal_slst_21e.wav
50cal_precision_rifledist.ogg	Modern Warfare 2 distant report	D:\Call of Duty - Modern Warfare 2 .FF Files\Call of Duty - Modern Warfare 2 Sound, VO & Music\.FF Files\weapons\50cal\weap_50cal_temp_v2.wav
50cal_precision_riflereload.ogg	Modern Warfare 2 designed reload	D:\Call of Duty - Modern Warfare 2 .FF Files\Call of Duty - Modern Warfare 2 Sound, VO & Music\.FF Files\foley\wpfoly_m44_reload_clipout_v1.wav + D:\Call of Duty - Modern Warfare 2 .FF Files\Call of Duty - Modern Warfare 2 Sound, VO & Music\.FF Files\foley\wpfoly_m44_reload_chamber_v1.wav + D:\Call of Duty - Modern Warfare 2 .FF Files\Call of Duty - Modern Warfare 2 Sound, VO & Music\.FF Files\foley\wpfoly_m44_reload_chamber_v1.wav
50cal_precision_rifledraw.ogg	Modern Warfare 2 draw	D:\Call of Duty - Modern Warfare 2 .FF Files\Call of Duty - Modern Warfare 2 Sound, VO & Music\.FF Files\foley\wpfoly_m44_reload_lift_v1.wav
50cal_precision_rifleholster.ogg	Modern Warfare 2 holster	D:\Call of Duty - Modern Warfare 2 .FF Files\Call of Duty - Modern Warfare 2 Sound, VO & Music\.FF Files\foley\wpfoly_m44_reload_lift_v1.wav
50cal_precision_rifleunload.ogg	Modern Warfare 2 unload	D:\Call of Duty - Modern Warfare 2 .FF Files\Call of Duty - Modern Warfare 2 Sound, VO & Music\.FF Files\foley\wpfoly_m44_reload_clipout_v1.wav
50cal_precision_riflereloadend.ogg	Modern Warfare 2 reloadend	D:\Call of Duty - Modern Warfare 2 .FF Files\Call of Duty - Modern Warfare 2 Sound, VO & Music\.FF Files\foley\wpfoly_m44_reload_chamber_v1.wav
50cal_precision_rifleempty.ogg	Modern Warfare 2 empty	D:\Call of Duty - Modern Warfare 2 .FF Files\Call of Duty - Modern Warfare 2 Sound, VO & Music\.FF Files\foley\wpfoly_m44_reload_chamber_v1.wav
ak47_underfolder_carbinefire1.ogg	Modern Warfare 2 report	D:\Call of Duty - Modern Warfare 2 .FF Files\Call of Duty - Modern Warfare 2 Sound, VO & Music\.FF Files\weapons\ak47\weap_ak47_slmn_21.wav
ak47_underfolder_carbinefire2.ogg	Modern Warfare 2 report	D:\Call of Duty - Modern Warfare 2 .FF Files\Call of Duty - Modern Warfare 2 Sound, VO & Music\.FF Files\weapons\ak47\weap_ak47_slst_3.wav
ak47_underfolder_carbinefire3.ogg	Modern Warfare 2 report	D:\Call of Duty - Modern Warfare 2 .FF Files\Call of Duty - Modern Warfare 2 Sound, VO & Music\.FF Files\weapons\ak47\weap_ak47_slmn_21.wav
ak47_underfolder_carbinedist.ogg	Modern Warfare 2 distant report	D:\Call of Duty - Modern Warfare 2 .FF Files\Call of Duty - Modern Warfare 2 Sound, VO & Music\.FF Files\weapons\ak47\weap_ak47_slst_3.wav
ak47_underfolder_carbinereload.ogg	Modern Warfare 2 designed reload	D:\Call of Duty - Modern Warfare 2 .FF Files\Call of Duty - Modern Warfare 2 Sound, VO & Music\.FF Files\foley\wpfoly_ak47_reload_clipout_v5.wav + D:\Call of Duty - Modern Warfare 2 .FF Files\Call of Duty - Modern Warfare 2 Sound, VO & Music\.FF Files\foley\wpfoly_ak47_reload_chamber_v4.wav + D:\Call of Duty - Modern Warfare 2 .FF Files\Call of Duty - Modern Warfare 2 Sound, VO & Music\.FF Files\foley\wpfoly_ak47_reload_chamber_v4.wav
ak47_underfolder_carbinedraw.ogg	Modern Warfare 2 draw	D:\Call of Duty - Modern Warfare 2 .FF Files\Call of Duty - Modern Warfare 2 Sound, VO & Music\.FF Files\foley\wpfoly_ak47_reload_lift_v4.wav
ak47_underfolder_carbineholster.ogg	Modern Warfare 2 holster	D:\Call of Duty - Modern Warfare 2 .FF Files\Call of Duty - Modern Warfare 2 Sound, VO & Music\.FF Files\foley\wpfoly_ak47_reload_lift_v4.wav
ak47_underfolder_carbineunload.ogg	Modern Warfare 2 unload	D:\Call of Duty - Modern Warfare 2 .FF Files\Call of Duty - Modern Warfare 2 Sound, VO & Music\.FF Files\foley\wpfoly_ak47_reload_clipout_v5.wav
ak47_underfolder_carbinereloadend.ogg	Modern Warfare 2 reloadend	D:\Call of Duty - Modern Warfare 2 .FF Files\Call of Duty - Modern Warfare 2 Sound, VO & Music\.FF Files\foley\wpfoly_ak47_reload_chamber_v4.wav
ak47_underfolder_carbineempty.ogg	Modern Warfare 2 empty	D:\Call of Duty - Modern Warfare 2 .FF Files\Call of Duty - Modern Warfare 2 Sound, VO & Music\.FF Files\foley\wpfoly_ak47_reload_chamber_v4.wav
ak74u_compact_carbinefire1.ogg	Modern Warfare 2 report	D:\Call of Duty - Modern Warfare 2 .FF Files\Call of Duty - Modern Warfare 2 Sound, VO & Music\.FF Files\weapons\ak74u\weap_ak74_slmn_35c.wav
ak74u_compact_carbinefire2.ogg	Modern Warfare 2 report	D:\Call of Duty - Modern Warfare 2 .FF Files\Call of Duty - Modern Warfare 2 Sound, VO & Music\.FF Files\weapons\ak74u\weap_ak74_slst_1.wav
ak74u_compact_carbinefire3.ogg	Modern Warfare 2 report	D:\Call of Duty - Modern Warfare 2 .FF Files\Call of Duty - Modern Warfare 2 Sound, VO & Music\.FF Files\weapons\ak74u\weap_ak74_slmn_35c.wav
ak74u_compact_carbinedist.ogg	Modern Warfare 2 distant report	D:\Call of Duty - Modern Warfare 2 .FF Files\Call of Duty - Modern Warfare 2 Sound, VO & Music\.FF Files\weapons\ak74u\weap_ak74_slst_1.wav
ak74u_compact_carbinereload.ogg	Modern Warfare 2 designed reload	D:\Call of Duty - Modern Warfare 2 .FF Files\Call of Duty - Modern Warfare 2 Sound, VO & Music\.FF Files\foley\wpfoly_ak74u_reload_clipout_v5.wav + D:\Call of Duty - Modern Warfare 2 .FF Files\Call of Duty - Modern Warfare 2 Sound, VO & Music\.FF Files\foley\wpfoly_ak74u_reload_chamber_v4.wav + D:\Call of Duty - Modern Warfare 2 .FF Files\Call of Duty - Modern Warfare 2 Sound, VO & Music\.FF Files\foley\wpfoly_ak74u_reload_chamber_v4.wav
ak74u_compact_carbinedraw.ogg	Modern Warfare 2 draw	D:\Call of Duty - Modern Warfare 2 .FF Files\Call of Duty - Modern Warfare 2 Sound, VO & Music\.FF Files\foley\wpfoly_ak74u_reload_lift_v4.wav
ak74u_compact_carbineholster.ogg	Modern Warfare 2 holster	D:\Call of Duty - Modern Warfare 2 .FF Files\Call of Duty - Modern Warfare 2 Sound, VO & Music\.FF Files\foley\wpfoly_ak74u_reload_lift_v4.wav
ak74u_compact_carbineunload.ogg	Modern Warfare 2 unload	D:\Call of Duty - Modern Warfare 2 .FF Files\Call of Duty - Modern Warfare 2 Sound, VO & Music\.FF Files\foley\wpfoly_ak74u_reload_clipout_v5.wav
ak74u_compact_carbinereloadend.ogg	Modern Warfare 2 reloadend	D:\Call of Duty - Modern Warfare 2 .FF Files\Call of Duty - Modern Warfare 2 Sound, VO & Music\.FF Files\foley\wpfoly_ak74u_reload_chamber_v4.wav
ak74u_compact_carbineempty.ogg	Modern Warfare 2 empty	D:\Call of Duty - Modern Warfare 2 .FF Files\Call of Duty - Modern Warfare 2 Sound, VO & Music\.FF Files\foley\wpfoly_ak74u_reload_chamber_v4.wav
anaconda_service_pistolfire1.ogg	Modern Warfare 2 report	D:\Call of Duty - Modern Warfare 2 .FF Files\Call of Duty - Modern Warfare 2 Sound, VO & Music\.FF Files\weapons\anaconda\wpnfire_revolver_44mag.wav
anaconda_service_pistolfire2.ogg	Modern Warfare 2 report	D:\Call of Duty - Modern Warfare 2 .FF Files\Call of Duty - Modern Warfare 2 Sound, VO & Music\.FF Files\weapons\anaconda\wpnfire_revolver_44mag_mn.wav
anaconda_service_pistolfire3.ogg	Modern Warfare 2 report	D:\Call of Duty - Modern Warfare 2 .FF Files\Call of Duty - Modern Warfare 2 Sound, VO & Music\.FF Files\weapons\anaconda\wpnfire_revolver_44mag.wav
anaconda_service_pistoldist.ogg	Modern Warfare 2 distant report	D:\Call of Duty - Modern Warfare 2 .FF Files\Call of Duty - Modern Warfare 2 Sound, VO & Music\.FF Files\weapons\anaconda\wpnfire_revolver_44mag_mn.wav
anaconda_service_pistolreload.ogg	Modern Warfare 2 designed reload	D:\Call of Duty - Modern Warfare 2 .FF Files\Call of Duty - Modern Warfare 2 Sound, VO & Music\.FF Files\foley\wpfoly_anaconda_reload_clipout_v1.wav + D:\Call of Duty - Modern Warfare 2 .FF Files\Call of Duty - Modern Warfare 2 Sound, VO & Music\.FF Files\foley\wpfoly_anaconda_reload_chamber_v1.wav + D:\Call of Duty - Modern Warfare 2 .FF Files\Call of Duty - Modern Warfare 2 Sound, VO & Music\.FF Files\foley\wpfoly_anaconda_reload_chamber_v1.wav
anaconda_service_pistoldraw.ogg	Modern Warfare 2 draw	D:\Call of Duty - Modern Warfare 2 .FF Files\Call of Duty - Modern Warfare 2 Sound, VO & Music\.FF Files\foley\wpfoly_anaconda_reload_lift_v1.wav
anaconda_service_pistolholster.ogg	Modern Warfare 2 holster	D:\Call of Duty - Modern Warfare 2 .FF Files\Call of Duty - Modern Warfare 2 Sound, VO & Music\.FF Files\foley\wpfoly_anaconda_reload_lift_v1.wav
anaconda_service_pistolunload.ogg	Modern Warfare 2 unload	D:\Call of Duty - Modern Warfare 2 .FF Files\Call of Duty - Modern Warfare 2 Sound, VO & Music\.FF Files\foley\wpfoly_anaconda_reload_clipout_v1.wav
anaconda_service_pistolreloadend.ogg	Modern Warfare 2 reloadend	D:\Call of Duty - Modern Warfare 2 .FF Files\Call of Duty - Modern Warfare 2 Sound, VO & Music\.FF Files\foley\wpfoly_anaconda_reload_chamber_v1.wav
anaconda_service_pistolempty.ogg	Modern Warfare 2 empty	D:\Call of Duty - Modern Warfare 2 .FF Files\Call of Duty - Modern Warfare 2 Sound, VO & Music\.FF Files\foley\wpfoly_anaconda_reload_chamber_v1.wav
at4_infantry_launcherfire1.ogg	Modern Warfare 2 report	D:\Call of Duty - Modern Warfare 2 .FF Files\Call of Duty - Modern Warfare 2 Sound, VO & Music\.FF Files\weapons\at4\wpn_at4_drop_v1.wav
at4_infantry_launcherfire2.ogg	Modern Warfare 2 report	D:\Call of Duty - Modern Warfare 2 .FF Files\Call of Duty - Modern Warfare 2 Sound, VO & Music\.FF Files\weapons\at4\wpn_at4_raise_v1.wav
at4_infantry_launcherfire3.ogg	Modern Warfare 2 report	D:\Call of Duty - Modern Warfare 2 .FF Files\Call of Duty - Modern Warfare 2 Sound, VO & Music\.FF Files\weapons\at4\wpn_at4_drop_v1.wav
at4_infantry_launcherdist.ogg	Modern Warfare 2 distant report	D:\Call of Duty - Modern Warfare 2 .FF Files\Call of Duty - Modern Warfare 2 Sound, VO & Music\.FF Files\weapons\at4\wpn_at4_raise_v1.wav
at4_infantry_launcherreload.ogg	Modern Warfare 2 designed reload	D:\Call of Duty - Modern Warfare 2 .FF Files\Call of Duty - Modern Warfare 2 Sound, VO & Music\.FF Files\foley\wpfoly_m44_reload_clipout_v1.wav + D:\Call of Duty - Modern Warfare 2 .FF Files\Call of Duty - Modern Warfare 2 Sound, VO & Music\.FF Files\foley\wpfoly_m44_reload_chamber_v1.wav + D:\Call of Duty - Modern Warfare 2 .FF Files\Call of Duty - Modern Warfare 2 Sound, VO & Music\.FF Files\foley\wpfoly_m44_reload_chamber_v1.wav
at4_infantry_launcherdraw.ogg	Modern Warfare 2 draw	D:\Call of Duty - Modern Warfare 2 .FF Files\Call of Duty - Modern Warfare 2 Sound, VO & Music\.FF Files\foley\wpfoly_m44_reload_lift_v1.wav
at4_infantry_launcherholster.ogg	Modern Warfare 2 holster	D:\Call of Duty - Modern Warfare 2 .FF Files\Call of Duty - Modern Warfare 2 Sound, VO & Music\.FF Files\foley\wpfoly_m44_reload_lift_v1.wav
at4_infantry_launcherunload.ogg	Modern Warfare 2 unload	D:\Call of Duty - Modern Warfare 2 .FF Files\Call of Duty - Modern Warfare 2 Sound, VO & Music\.FF Files\foley\wpfoly_m44_reload_clipout_v1.wav
at4_infantry_launcherreloadend.ogg	Modern Warfare 2 reloadend	D:\Call of Duty - Modern Warfare 2 .FF Files\Call of Duty - Modern Warfare 2 Sound, VO & Music\.FF Files\foley\wpfoly_m44_reload_chamber_v1.wav
at4_infantry_launcherempty.ogg	Modern Warfare 2 empty	D:\Call of Duty - Modern Warfare 2 .FF Files\Call of Duty - Modern Warfare 2 Sound, VO & Music\.FF Files\foley\wpfoly_m44_reload_chamber_v1.wav
aug_support_weaponfire1.ogg	Modern Warfare 2 report	D:\Call of Duty - Modern Warfare 2 .FF Files\Call of Duty - Modern Warfare 2 Sound, VO & Music\.FF Files\weapons\aug\weap_aug_slmn_2b.wav
aug_support_weaponfire2.ogg	Modern Warfare 2 report	D:\Call of Duty - Modern Warfare 2 .FF Files\Call of Duty - Modern Warfare 2 Sound, VO & Music\.FF Files\weapons\aug\weap_aug_slst_2b.wav
aug_support_weaponfire3.ogg	Modern Warfare 2 report	D:\Call of Duty - Modern Warfare 2 .FF Files\Call of Duty - Modern Warfare 2 Sound, VO & Music\.FF Files\weapons\aug\weap_aug_slmn_2b.wav
aug_support_weapondist.ogg	Modern Warfare 2 distant report	D:\Call of Duty - Modern Warfare 2 .FF Files\Call of Duty - Modern Warfare 2 Sound, VO & Music\.FF Files\weapons\aug\weap_aug_slst_2b.wav
aug_support_weaponreload.ogg	Modern Warfare 2 designed reload	D:\Call of Duty - Modern Warfare 2 .FF Files\Call of Duty - Modern Warfare 2 Sound, VO & Music\.FF Files\foley\wpfoly_m44_reload_clipout_v1.wav + D:\Call of Duty - Modern Warfare 2 .FF Files\Call of Duty - Modern Warfare 2 Sound, VO & Music\.FF Files\foley\wpfoly_m44_reload_chamber_v1.wav + D:\Call of Duty - Modern Warfare 2 .FF Files\Call of Duty - Modern Warfare 2 Sound, VO & Music\.FF Files\foley\wpfoly_m44_reload_chamber_v1.wav
aug_support_weapondraw.ogg	Modern Warfare 2 draw	D:\Call of Duty - Modern Warfare 2 .FF Files\Call of Duty - Modern Warfare 2 Sound, VO & Music\.FF Files\foley\wpfoly_m44_reload_lift_v1.wav
aug_support_weaponholster.ogg	Modern Warfare 2 holster	D:\Call of Duty - Modern Warfare 2 .FF Files\Call of Duty - Modern Warfare 2 Sound, VO & Music\.FF Files\foley\wpfoly_m44_reload_lift_v1.wav
aug_support_weaponunload.ogg	Modern Warfare 2 unload	D:\Call of Duty - Modern Warfare 2 .FF Files\Call of Duty - Modern Warfare 2 Sound, VO & Music\.FF Files\foley\wpfoly_m44_reload_clipout_v1.wav
aug_support_weaponreloadend.ogg	Modern Warfare 2 reloadend	D:\Call of Duty - Modern Warfare 2 .FF Files\Call of Duty - Modern Warfare 2 Sound, VO & Music\.FF Files\foley\wpfoly_m44_reload_chamber_v1.wav
aug_support_weaponempty.ogg	Modern Warfare 2 empty	D:\Call of Duty - Modern Warfare 2 .FF Files\Call of Duty - Modern Warfare 2 Sound, VO & Music\.FF Files\foley\wpfoly_m44_reload_chamber_v1.wav
barrett_precision_riflefire1.ogg	Modern Warfare 2 report	D:\Call of Duty - Modern Warfare 2 .FF Files\Call of Duty - Modern Warfare 2 Sound, VO & Music\.FF Files\weapons\barrett\weap_barrett_slmn_1.wav
barrett_precision_riflefire2.ogg	Modern Warfare 2 report	D:\Call of Duty - Modern Warfare 2 .FF Files\Call of Duty - Modern Warfare 2 Sound, VO & Music\.FF Files\weapons\barrett\weap_barrett_slst_2b.wav
barrett_precision_riflefire3.ogg	Modern Warfare 2 report	D:\Call of Duty - Modern Warfare 2 .FF Files\Call of Duty - Modern Warfare 2 Sound, VO & Music\.FF Files\weapons\barrett\weap_barrett_slmn_1.wav
barrett_precision_rifledist.ogg	Modern Warfare 2 distant report	D:\Call of Duty - Modern Warfare 2 .FF Files\Call of Duty - Modern Warfare 2 Sound, VO & Music\.FF Files\weapons\barrett\weap_barrett_slst_2b.wav
barrett_precision_riflereload.ogg	Modern Warfare 2 designed reload	D:\Call of Duty - Modern Warfare 2 .FF Files\Call of Duty - Modern Warfare 2 Sound, VO & Music\.FF Files\foley\wpfoly_m44_reload_clipout_v1.wav + D:\Call of Duty - Modern Warfare 2 .FF Files\Call of Duty - Modern Warfare 2 Sound, VO & Music\.FF Files\foley\wpfoly_m44_reload_chamber_v1.wav + D:\Call of Duty - Modern Warfare 2 .FF Files\Call of Duty - Modern Warfare 2 Sound, VO & Music\.FF Files\foley\wpfoly_m44_reload_chamber_v1.wav
barrett_precision_rifledraw.ogg	Modern Warfare 2 draw	D:\Call of Duty - Modern Warfare 2 .FF Files\Call of Duty - Modern Warfare 2 Sound, VO & Music\.FF Files\foley\wpfoly_m44_reload_lift_v1.wav
barrett_precision_rifleholster.ogg	Modern Warfare 2 holster	D:\Call of Duty - Modern Warfare 2 .FF Files\Call of Duty - Modern Warfare 2 Sound, VO & Music\.FF Files\foley\wpfoly_m44_reload_lift_v1.wav
barrett_precision_rifleunload.ogg	Modern Warfare 2 unload	D:\Call of Duty - Modern Warfare 2 .FF Files\Call of Duty - Modern Warfare 2 Sound, VO & Music\.FF Files\foley\wpfoly_m44_reload_clipout_v1.wav
barrett_precision_riflereloadend.ogg	Modern Warfare 2 reloadend	D:\Call of Duty - Modern Warfare 2 .FF Files\Call of Duty - Modern Warfare 2 Sound, VO & Music\.FF Files\foley\wpfoly_m44_reload_chamber_v1.wav
barrett_precision_rifleempty.ogg	Modern Warfare 2 empty	D:\Call of Duty - Modern Warfare 2 .FF Files\Call of Duty - Modern Warfare 2 Sound, VO & Music\.FF Files\foley\wpfoly_m44_reload_chamber_v1.wav
beretta_service_pistolfire1.ogg	Modern Warfare 2 report	D:\Call of Duty - Modern Warfare 2 .FF Files\Call of Duty - Modern Warfare 2 Sound, VO & Music\.FF Files\weapons\beretta\weap_beretta_sl_3c.wav
beretta_service_pistolfire2.ogg	Modern Warfare 2 report	D:\Call of Duty - Modern Warfare 2 .FF Files\Call of Duty - Modern Warfare 2 Sound, VO & Music\.FF Files\weapons\beretta\weap_beretta_slst_3c.wav
beretta_service_pistolfire3.ogg	Modern Warfare 2 report	D:\Call of Duty - Modern Warfare 2 .FF Files\Call of Duty - Modern Warfare 2 Sound, VO & Music\.FF Files\weapons\beretta\weap_beretta_sl_3c.wav
beretta_service_pistoldist.ogg	Modern Warfare 2 distant report	D:\Call of Duty - Modern Warfare 2 .FF Files\Call of Duty - Modern Warfare 2 Sound, VO & Music\.FF Files\weapons\beretta\weap_beretta_slst_3c.wav
beretta_service_pistolreload.ogg	Modern Warfare 2 designed reload	D:\Call of Duty - Modern Warfare 2 .FF Files\Call of Duty - Modern Warfare 2 Sound, VO & Music\.FF Files\foley\wpfoly_m44_reload_clipout_v1.wav + D:\Call of Duty - Modern Warfare 2 .FF Files\Call of Duty - Modern Warfare 2 Sound, VO & Music\.FF Files\foley\wpfoly_m44_reload_chamber_v1.wav + D:\Call of Duty - Modern Warfare 2 .FF Files\Call of Duty - Modern Warfare 2 Sound, VO & Music\.FF Files\foley\wpfoly_m44_reload_chamber_v1.wav
beretta_service_pistoldraw.ogg	Modern Warfare 2 draw	D:\Call of Duty - Modern Warfare 2 .FF Files\Call of Duty - Modern Warfare 2 Sound, VO & Music\.FF Files\foley\wpfoly_m44_reload_lift_v1.wav
beretta_service_pistolholster.ogg	Modern Warfare 2 holster	D:\Call of Duty - Modern Warfare 2 .FF Files\Call of Duty - Modern Warfare 2 Sound, VO & Music\.FF Files\foley\wpfoly_m44_reload_lift_v1.wav
beretta_service_pistolunload.ogg	Modern Warfare 2 unload	D:\Call of Duty - Modern Warfare 2 .FF Files\Call of Duty - Modern Warfare 2 Sound, VO & Music\.FF Files\foley\wpfoly_m44_reload_clipout_v1.wav
beretta_service_pistolreloadend.ogg	Modern Warfare 2 reloadend	D:\Call of Duty - Modern Warfare 2 .FF Files\Call of Duty - Modern Warfare 2 Sound, VO & Music\.FF Files\foley\wpfoly_m44_reload_chamber_v1.wav
beretta_service_pistolempty.ogg	Modern Warfare 2 empty	D:\Call of Duty - Modern Warfare 2 .FF Files\Call of Duty - Modern Warfare 2 Sound, VO & Music\.FF Files\foley\wpfoly_m44_reload_chamber_v1.wav
cheytac_precision_riflefire1.ogg	Modern Warfare 2 report	D:\Call of Duty - Modern Warfare 2 .FF Files\Call of Duty - Modern Warfare 2 Sound, VO & Music\.FF Files\weapons\cheytac\weap_cheytac_slmn_2d3.wav
cheytac_precision_riflefire2.ogg	Modern Warfare 2 report	D:\Call of Duty - Modern Warfare 2 .FF Files\Call of Duty - Modern Warfare 2 Sound, VO & Music\.FF Files\weapons\cheytac\weap_cheytac_slmn_2d3mp.wav
cheytac_precision_riflefire3.ogg	Modern Warfare 2 report	D:\Call of Duty - Modern Warfare 2 .FF Files\Call of Duty - Modern Warfare 2 Sound, VO & Music\.FF Files\weapons\cheytac\weap_cheytac_slst_2d3.wav
cheytac_precision_rifledist.ogg	Modern Warfare 2 distant report	D:\Call of Duty - Modern Warfare 2 .FF Files\Call of Duty - Modern Warfare 2 Sound, VO & Music\.FF Files\weapons\cheytac\weap_cheytac_slst_2d3mp.wav
cheytac_precision_riflereload.ogg	Modern Warfare 2 designed reload	D:\Call of Duty - Modern Warfare 2 .FF Files\Call of Duty - Modern Warfare 2 Sound, VO & Music\.FF Files\foley\wpfoly_m44_reload_clipout_v1.wav + D:\Call of Duty - Modern Warfare 2 .FF Files\Call of Duty - Modern Warfare 2 Sound, VO & Music\.FF Files\foley\wpfoly_m44_reload_chamber_v1.wav + D:\Call of Duty - Modern Warfare 2 .FF Files\Call of Duty - Modern Warfare 2 Sound, VO & Music\.FF Files\foley\wpfoly_m44_reload_chamber_v1.wav
cheytac_precision_rifledraw.ogg	Modern Warfare 2 draw	D:\Call of Duty - Modern Warfare 2 .FF Files\Call of Duty - Modern Warfare 2 Sound, VO & Music\.FF Files\foley\wpfoly_m44_reload_lift_v1.wav
cheytac_precision_rifleholster.ogg	Modern Warfare 2 holster	D:\Call of Duty - Modern Warfare 2 .FF Files\Call of Duty - Modern Warfare 2 Sound, VO & Music\.FF Files\foley\wpfoly_m44_reload_lift_v1.wav
cheytac_precision_rifleunload.ogg	Modern Warfare 2 unload	D:\Call of Duty - Modern Warfare 2 .FF Files\Call of Duty - Modern Warfare 2 Sound, VO & Music\.FF Files\foley\wpfoly_m44_reload_clipout_v1.wav
cheytac_precision_riflereloadend.ogg	Modern Warfare 2 reloadend	D:\Call of Duty - Modern Warfare 2 .FF Files\Call of Duty - Modern Warfare 2 Sound, VO & Music\.FF Files\foley\wpfoly_m44_reload_chamber_v1.wav
cheytac_precision_rifleempty.ogg	Modern Warfare 2 empty	D:\Call of Duty - Modern Warfare 2 .FF Files\Call of Duty - Modern Warfare 2 Sound, VO & Music\.FF Files\foley\wpfoly_m44_reload_chamber_v1.wav
colt45_service_pistolfire1.ogg	Modern Warfare 2 report	D:\Call of Duty - Modern Warfare 2 .FF Files\Call of Duty - Modern Warfare 2 Sound, VO & Music\.FF Files\weapons\colt45\weap_usp45_slmn_y1b.wav
colt45_service_pistolfire2.ogg	Modern Warfare 2 report	D:\Call of Duty - Modern Warfare 2 .FF Files\Call of Duty - Modern Warfare 2 Sound, VO & Music\.FF Files\weapons\colt45\weap_usp45_slst_y1b.wav
colt45_service_pistolfire3.ogg	Modern Warfare 2 report	D:\Call of Duty - Modern Warfare 2 .FF Files\Call of Duty - Modern Warfare 2 Sound, VO & Music\.FF Files\weapons\colt45\weap_usp45sd_slmn_y1.wav
colt45_service_pistoldist.ogg	Modern Warfare 2 distant report	D:\Call of Duty - Modern Warfare 2 .FF Files\Call of Duty - Modern Warfare 2 Sound, VO & Music\.FF Files\weapons\colt45\weap_usp45sd_slst_y1.wav
colt45_service_pistolreload.ogg	Modern Warfare 2 designed reload	D:\Call of Duty - Modern Warfare 2 .FF Files\Call of Duty - Modern Warfare 2 Sound, VO & Music\.FF Files\foley\wpfoly_m44_reload_clipout_v1.wav + D:\Call of Duty - Modern Warfare 2 .FF Files\Call of Duty - Modern Warfare 2 Sound, VO & Music\.FF Files\foley\wpfoly_m44_reload_chamber_v1.wav + D:\Call of Duty - Modern Warfare 2 .FF Files\Call of Duty - Modern Warfare 2 Sound, VO & Music\.FF Files\foley\wpfoly_m44_reload_chamber_v1.wav
colt45_service_pistoldraw.ogg	Modern Warfare 2 draw	D:\Call of Duty - Modern Warfare 2 .FF Files\Call of Duty - Modern Warfare 2 Sound, VO & Music\.FF Files\foley\wpfoly_m44_reload_lift_v1.wav
colt45_service_pistolholster.ogg	Modern Warfare 2 holster	D:\Call of Duty - Modern Warfare 2 .FF Files\Call of Duty - Modern Warfare 2 Sound, VO & Music\.FF Files\foley\wpfoly_m44_reload_lift_v1.wav
colt45_service_pistolunload.ogg	Modern Warfare 2 unload	D:\Call of Duty - Modern Warfare 2 .FF Files\Call of Duty - Modern Warfare 2 Sound, VO & Music\.FF Files\foley\wpfoly_m44_reload_clipout_v1.wav
colt45_service_pistolreloadend.ogg	Modern Warfare 2 reloadend	D:\Call of Duty - Modern Warfare 2 .FF Files\Call of Duty - Modern Warfare 2 Sound, VO & Music\.FF Files\foley\wpfoly_m44_reload_chamber_v1.wav
colt45_service_pistolempty.ogg	Modern Warfare 2 empty	D:\Call of Duty - Modern Warfare 2 .FF Files\Call of Duty - Modern Warfare 2 Sound, VO & Music\.FF Files\foley\wpfoly_m44_reload_chamber_v1.wav
de_service_pistolfire1.ogg	Modern Warfare 2 report	D:\Call of Duty - Modern Warfare 2 .FF Files\Call of Duty - Modern Warfare 2 Sound, VO & Music\.FF Files\weapons\de\weap_deserteagle_slmn_2.wav
de_service_pistolfire2.ogg	Modern Warfare 2 report	D:\Call of Duty - Modern Warfare 2 .FF Files\Call of Duty - Modern Warfare 2 Sound, VO & Music\.FF Files\weapons\de\weap_deserteagle_slmn_23_sp.wav
de_service_pistolfire3.ogg	Modern Warfare 2 report	D:\Call of Duty - Modern Warfare 2 .FF Files\Call of Duty - Modern Warfare 2 Sound, VO & Music\.FF Files\weapons\de\weap_deserteagle_slst_2.wav
de_service_pistoldist.ogg	Modern Warfare 2 distant report	D:\Call of Duty - Modern Warfare 2 .FF Files\Call of Duty - Modern Warfare 2 Sound, VO & Music\.FF Files\weapons\de\weap_deserteagle_slst_2.wav
de_service_pistolreload.ogg	Modern Warfare 2 designed reload	D:\Call of Duty - Modern Warfare 2 .FF Files\Call of Duty - Modern Warfare 2 Sound, VO & Music\.FF Files\foley\wpfoly_de50_reload_clipout_v1.wav + D:\Call of Duty - Modern Warfare 2 .FF Files\Call of Duty - Modern Warfare 2 Sound, VO & Music\.FF Files\foley\wpfoly_de50_reload_chamber_v1.wav + D:\Call of Duty - Modern Warfare 2 .FF Files\Call of Duty - Modern Warfare 2 Sound, VO & Music\.FF Files\foley\wpfoly_de50_reload_chamber_v1.wav
de_service_pistoldraw.ogg	Modern Warfare 2 draw	D:\Call of Duty - Modern Warfare 2 .FF Files\Call of Duty - Modern Warfare 2 Sound, VO & Music\.FF Files\foley\wpfoly_de50_reload_chamber_v1.wav
de_service_pistolholster.ogg	Modern Warfare 2 holster	D:\Call of Duty - Modern Warfare 2 .FF Files\Call of Duty - Modern Warfare 2 Sound, VO & Music\.FF Files\foley\wpfoly_de50_reload_chamber_v1.wav
de_service_pistolunload.ogg	Modern Warfare 2 unload	D:\Call of Duty - Modern Warfare 2 .FF Files\Call of Duty - Modern Warfare 2 Sound, VO & Music\.FF Files\foley\wpfoly_de50_reload_clipout_v1.wav
de_service_pistolreloadend.ogg	Modern Warfare 2 reloadend	D:\Call of Duty - Modern Warfare 2 .FF Files\Call of Duty - Modern Warfare 2 Sound, VO & Music\.FF Files\foley\wpfoly_de50_reload_chamber_v1.wav
de_service_pistolempty.ogg	Modern Warfare 2 empty	D:\Call of Duty - Modern Warfare 2 .FF Files\Call of Duty - Modern Warfare 2 Sound, VO & Music\.FF Files\foley\wpfoly_de50_reload_chamber_v1.wav
dragunov_precision_riflefire1.ogg	Modern Warfare 2 report	D:\Call of Duty - Modern Warfare 2 .FF Files\Call of Duty - Modern Warfare 2 Sound, VO & Music\.FF Files\weapons\dragunov\weap_dragunov_slmn_1.wav
dragunov_precision_riflefire2.ogg	Modern Warfare 2 report	D:\Call of Duty - Modern Warfare 2 .FF Files\Call of Duty - Modern Warfare 2 Sound, VO & Music\.FF Files\weapons\dragunov\weap_dragunov_slst_1.wav
dragunov_precision_riflefire3.ogg	Modern Warfare 2 report	D:\Call of Duty - Modern Warfare 2 .FF Files\Call of Duty - Modern Warfare 2 Sound, VO & Music\.FF Files\weapons\dragunov\weap_dragunovspecial_slmn_1.wav
dragunov_precision_rifledist.ogg	Modern Warfare 2 distant report	D:\Call of Duty - Modern Warfare 2 .FF Files\Call of Duty - Modern Warfare 2 Sound, VO & Music\.FF Files\weapons\dragunov\weap_dragunovspecial_slmn_3c.wav
dragunov_precision_riflereload.ogg	Modern Warfare 2 designed reload	D:\Call of Duty - Modern Warfare 2 .FF Files\Call of Duty - Modern Warfare 2 Sound, VO & Music\.FF Files\foley\wpfoly_dragunov_reload_clipout_v2.wav + D:\Call of Duty - Modern Warfare 2 .FF Files\Call of Duty - Modern Warfare 2 Sound, VO & Music\.FF Files\foley\wpfoly_dragunov_reload_chamber_v1.wav + D:\Call of Duty - Modern Warfare 2 .FF Files\Call of Duty - Modern Warfare 2 Sound, VO & Music\.FF Files\foley\wpfoly_dragunov_reload_chamber_v1.wav
dragunov_precision_rifledraw.ogg	Modern Warfare 2 draw	D:\Call of Duty - Modern Warfare 2 .FF Files\Call of Duty - Modern Warfare 2 Sound, VO & Music\.FF Files\foley\wpfoly_dragunov_reload_lift_v1.wav
dragunov_precision_rifleholster.ogg	Modern Warfare 2 holster	D:\Call of Duty - Modern Warfare 2 .FF Files\Call of Duty - Modern Warfare 2 Sound, VO & Music\.FF Files\foley\wpfoly_dragunov_reload_lift_v1.wav
dragunov_precision_rifleunload.ogg	Modern Warfare 2 unload	D:\Call of Duty - Modern Warfare 2 .FF Files\Call of Duty - Modern Warfare 2 Sound, VO & Music\.FF Files\foley\wpfoly_dragunov_reload_clipout_v2.wav
dragunov_precision_riflereloadend.ogg	Modern Warfare 2 reloadend	D:\Call of Duty - Modern Warfare 2 .FF Files\Call of Duty - Modern Warfare 2 Sound, VO & Music\.FF Files\foley\wpfoly_dragunov_reload_chamber_v1.wav
dragunov_precision_rifleempty.ogg	Modern Warfare 2 empty	D:\Call of Duty - Modern Warfare 2 .FF Files\Call of Duty - Modern Warfare 2 Sound, VO & Music\.FF Files\foley\wpfoly_dragunov_reload_chamber_v1.wav
famas_field_riflefire1.ogg	Modern Warfare 2 report	D:\Call of Duty - Modern Warfare 2 .FF Files\Call of Duty - Modern Warfare 2 Sound, VO & Music\.FF Files\weapons\famas\weap_famas_slmn_1.wav
famas_field_riflefire2.ogg	Modern Warfare 2 report	D:\Call of Duty - Modern Warfare 2 .FF Files\Call of Duty - Modern Warfare 2 Sound, VO & Music\.FF Files\weapons\famas\weap_famas_slst_1.wav
famas_field_riflefire3.ogg	Modern Warfare 2 report	D:\Call of Duty - Modern Warfare 2 .FF Files\Call of Duty - Modern Warfare 2 Sound, VO & Music\.FF Files\weapons\famas\weap_famas_slmn_1.wav
famas_field_rifledist.ogg	Modern Warfare 2 distant report	D:\Call of Duty - Modern Warfare 2 .FF Files\Call of Duty - Modern Warfare 2 Sound, VO & Music\.FF Files\weapons\famas\weap_famas_slst_1.wav
famas_field_riflereload.ogg	Modern Warfare 2 designed reload	D:\Call of Duty - Modern Warfare 2 .FF Files\Call of Duty - Modern Warfare 2 Sound, VO & Music\.FF Files\foley\wpfoly_famas_reload_clipout_v1.wav + D:\Call of Duty - Modern Warfare 2 .FF Files\Call of Duty - Modern Warfare 2 Sound, VO & Music\.FF Files\foley\wpfoly_famas_reload_chamber_v1.wav + D:\Call of Duty - Modern Warfare 2 .FF Files\Call of Duty - Modern Warfare 2 Sound, VO & Music\.FF Files\foley\wpfoly_famas_reload_chamber_v1.wav
famas_field_rifledraw.ogg	Modern Warfare 2 draw	D:\Call of Duty - Modern Warfare 2 .FF Files\Call of Duty - Modern Warfare 2 Sound, VO & Music\.FF Files\foley\wpfoly_famas_reload_lift_v1.wav
famas_field_rifleholster.ogg	Modern Warfare 2 holster	D:\Call of Duty - Modern Warfare 2 .FF Files\Call of Duty - Modern Warfare 2 Sound, VO & Music\.FF Files\foley\wpfoly_famas_reload_lift_v1.wav
famas_field_rifleunload.ogg	Modern Warfare 2 unload	D:\Call of Duty - Modern Warfare 2 .FF Files\Call of Duty - Modern Warfare 2 Sound, VO & Music\.FF Files\foley\wpfoly_famas_reload_clipout_v1.wav
famas_field_riflereloadend.ogg	Modern Warfare 2 reloadend	D:\Call of Duty - Modern Warfare 2 .FF Files\Call of Duty - Modern Warfare 2 Sound, VO & Music\.FF Files\foley\wpfoly_famas_reload_chamber_v1.wav
famas_field_rifleempty.ogg	Modern Warfare 2 empty	D:\Call of Duty - Modern Warfare 2 .FF Files\Call of Duty - Modern Warfare 2 Sound, VO & Music\.FF Files\foley\wpfoly_famas_reload_chamber_v1.wav
fn2000_field_riflefire1.ogg	Modern Warfare 2 report	D:\Call of Duty - Modern Warfare 2 .FF Files\Call of Duty - Modern Warfare 2 Sound, VO & Music\.FF Files\weapons\fn2000\weap_fn2000_slmn_2b2.wav
fn2000_field_riflefire2.ogg	Modern Warfare 2 report	D:\Call of Duty - Modern Warfare 2 .FF Files\Call of Duty - Modern Warfare 2 Sound, VO & Music\.FF Files\weapons\fn2000\weap_fn2000_slst_11.wav
fn2000_field_riflefire3.ogg	Modern Warfare 2 report	D:\Call of Duty - Modern Warfare 2 .FF Files\Call of Duty - Modern Warfare 2 Sound, VO & Music\.FF Files\weapons\fn2000\weap_fn2000_slmn_2b2.wav
fn2000_field_rifledist.ogg	Modern Warfare 2 distant report	D:\Call of Duty - Modern Warfare 2 .FF Files\Call of Duty - Modern Warfare 2 Sound, VO & Music\.FF Files\weapons\fn2000\weap_fn2000_slst_11.wav
fn2000_field_riflereload.ogg	Modern Warfare 2 designed reload	D:\Call of Duty - Modern Warfare 2 .FF Files\Call of Duty - Modern Warfare 2 Sound, VO & Music\.FF Files\foley\wpfoly_fn2000_reload_clipout_v1.wav + D:\Call of Duty - Modern Warfare 2 .FF Files\Call of Duty - Modern Warfare 2 Sound, VO & Music\.FF Files\foley\wpfoly_fn2000_reload_chamber_v1.wav + D:\Call of Duty - Modern Warfare 2 .FF Files\Call of Duty - Modern Warfare 2 Sound, VO & Music\.FF Files\foley\wpfoly_fn2000_reload_chamber_v1.wav
fn2000_field_rifledraw.ogg	Modern Warfare 2 draw	D:\Call of Duty - Modern Warfare 2 .FF Files\Call of Duty - Modern Warfare 2 Sound, VO & Music\.FF Files\foley\wpfoly_fn2000_reload_first_lift_v1.wav
fn2000_field_rifleholster.ogg	Modern Warfare 2 holster	D:\Call of Duty - Modern Warfare 2 .FF Files\Call of Duty - Modern Warfare 2 Sound, VO & Music\.FF Files\foley\wpfoly_fn2000_reload_first_lift_v1.wav
fn2000_field_rifleunload.ogg	Modern Warfare 2 unload	D:\Call of Duty - Modern Warfare 2 .FF Files\Call of Duty - Modern Warfare 2 Sound, VO & Music\.FF Files\foley\wpfoly_fn2000_reload_clipout_v1.wav
fn2000_field_riflereloadend.ogg	Modern Warfare 2 reloadend	D:\Call of Duty - Modern Warfare 2 .FF Files\Call of Duty - Modern Warfare 2 Sound, VO & Music\.FF Files\foley\wpfoly_fn2000_reload_chamber_v1.wav
fn2000_field_rifleempty.ogg	Modern Warfare 2 empty	D:\Call of Duty - Modern Warfare 2 .FF Files\Call of Duty - Modern Warfare 2 Sound, VO & Music\.FF Files\foley\wpfoly_fn2000_reload_chamber_v1.wav
fnfal_field_riflefire1.ogg	Modern Warfare 2 report	D:\Call of Duty - Modern Warfare 2 .FF Files\Call of Duty - Modern Warfare 2 Sound, VO & Music\.FF Files\weapons\fnfal\weap_fnfal_slmn_01c.wav
fnfal_field_riflefire2.ogg	Modern Warfare 2 report	D:\Call of Duty - Modern Warfare 2 .FF Files\Call of Duty - Modern Warfare 2 Sound, VO & Music\.FF Files\weapons\fnfal\weap_fnfal_slst_01c.wav
fnfal_field_riflefire3.ogg	Modern Warfare 2 report	D:\Call of Duty - Modern Warfare 2 .FF Files\Call of Duty - Modern Warfare 2 Sound, VO & Music\.FF Files\weapons\fnfal\weap_fnfal_slmn_01c.wav
fnfal_field_rifledist.ogg	Modern Warfare 2 distant report	D:\Call of Duty - Modern Warfare 2 .FF Files\Call of Duty - Modern Warfare 2 Sound, VO & Music\.FF Files\weapons\fnfal\weap_fnfal_slst_01c.wav
fnfal_field_riflereload.ogg	Modern Warfare 2 designed reload	D:\Call of Duty - Modern Warfare 2 .FF Files\Call of Duty - Modern Warfare 2 Sound, VO & Music\.FF Files\foley\wpfoly_m44_reload_clipout_v1.wav + D:\Call of Duty - Modern Warfare 2 .FF Files\Call of Duty - Modern Warfare 2 Sound, VO & Music\.FF Files\foley\wpfoly_m44_reload_chamber_v1.wav + D:\Call of Duty - Modern Warfare 2 .FF Files\Call of Duty - Modern Warfare 2 Sound, VO & Music\.FF Files\foley\wpfoly_m44_reload_chamber_v1.wav
fnfal_field_rifledraw.ogg	Modern Warfare 2 draw	D:\Call of Duty - Modern Warfare 2 .FF Files\Call of Duty - Modern Warfare 2 Sound, VO & Music\.FF Files\foley\wpfoly_m44_reload_lift_v1.wav
fnfal_field_rifleholster.ogg	Modern Warfare 2 holster	D:\Call of Duty - Modern Warfare 2 .FF Files\Call of Duty - Modern Warfare 2 Sound, VO & Music\.FF Files\foley\wpfoly_m44_reload_lift_v1.wav
fnfal_field_rifleunload.ogg	Modern Warfare 2 unload	D:\Call of Duty - Modern Warfare 2 .FF Files\Call of Duty - Modern Warfare 2 Sound, VO & Music\.FF Files\foley\wpfoly_m44_reload_clipout_v1.wav
fnfal_field_riflereloadend.ogg	Modern Warfare 2 reloadend	D:\Call of Duty - Modern Warfare 2 .FF Files\Call of Duty - Modern Warfare 2 Sound, VO & Music\.FF Files\foley\wpfoly_m44_reload_chamber_v1.wav
fnfal_field_rifleempty.ogg	Modern Warfare 2 empty	D:\Call of Duty - Modern Warfare 2 .FF Files\Call of Duty - Modern Warfare 2 Sound, VO & Music\.FF Files\foley\wpfoly_m44_reload_chamber_v1.wav
g3_field_riflefire1.ogg	Modern Warfare 2 report	D:\Call of Duty - Modern Warfare 2 .FF Files\Call of Duty - Modern Warfare 2 Sound, VO & Music\.FF Files\weapons\g3\weap_g3_slst_2.wav
g3_field_riflefire2.ogg	Modern Warfare 2 report	D:\Call of Duty - Modern Warfare 2 .FF Files\Call of Duty - Modern Warfare 2 Sound, VO & Music\.FF Files\weapons\g3\weap_g3_slst_2.wav
g3_field_riflefire3.ogg	Modern Warfare 2 report	D:\Call of Duty - Modern Warfare 2 .FF Files\Call of Duty - Modern Warfare 2 Sound, VO & Music\.FF Files\weapons\g3\weap_g3_slst_2.wav
g3_field_rifledist.ogg	Modern Warfare 2 distant report	D:\Call of Duty - Modern Warfare 2 .FF Files\Call of Duty - Modern Warfare 2 Sound, VO & Music\.FF Files\weapons\g3\weap_g3_slst_2.wav
g3_field_riflereload.ogg	Modern Warfare 2 designed reload	D:\Call of Duty - Modern Warfare 2 .FF Files\Call of Duty - Modern Warfare 2 Sound, VO & Music\.FF Files\foley\wpfoly_g3_reload_clipout_v2.wav + D:\Call of Duty - Modern Warfare 2 .FF Files\Call of Duty - Modern Warfare 2 Sound, VO & Music\.FF Files\foley\wpfoly_g3_reload_chamber_v1.wav + D:\Call of Duty - Modern Warfare 2 .FF Files\Call of Duty - Modern Warfare 2 Sound, VO & Music\.FF Files\foley\wpfoly_g3_reload_chamber_v1.wav
g3_field_rifledraw.ogg	Modern Warfare 2 draw	D:\Call of Duty - Modern Warfare 2 .FF Files\Call of Duty - Modern Warfare 2 Sound, VO & Music\.FF Files\foley\wpfoly_g3_reload_lift_v1.wav
g3_field_rifleholster.ogg	Modern Warfare 2 holster	D:\Call of Duty - Modern Warfare 2 .FF Files\Call of Duty - Modern Warfare 2 Sound, VO & Music\.FF Files\foley\wpfoly_g3_reload_lift_v1.wav
g3_field_rifleunload.ogg	Modern Warfare 2 unload	D:\Call of Duty - Modern Warfare 2 .FF Files\Call of Duty - Modern Warfare 2 Sound, VO & Music\.FF Files\foley\wpfoly_g3_reload_clipout_v2.wav
g3_field_riflereloadend.ogg	Modern Warfare 2 reloadend	D:\Call of Duty - Modern Warfare 2 .FF Files\Call of Duty - Modern Warfare 2 Sound, VO & Music\.FF Files\foley\wpfoly_g3_reload_chamber_v1.wav
g3_field_rifleempty.ogg	Modern Warfare 2 empty	D:\Call of Duty - Modern Warfare 2 .FF Files\Call of Duty - Modern Warfare 2 Sound, VO & Music\.FF Files\foley\wpfoly_g3_reload_chamber_v1.wav
g36_field_riflefire1.ogg	Modern Warfare 2 report	D:\Call of Duty - Modern Warfare 2 .FF Files\Call of Duty - Modern Warfare 2 Sound, VO & Music\.FF Files\weapons\g36\weap_g36_slmn_1.wav
g36_field_riflefire2.ogg	Modern Warfare 2 report	D:\Call of Duty - Modern Warfare 2 .FF Files\Call of Duty - Modern Warfare 2 Sound, VO & Music\.FF Files\weapons\g36\weap_g36_slst_1.wav
g36_field_riflefire3.ogg	Modern Warfare 2 report	D:\Call of Duty - Modern Warfare 2 .FF Files\Call of Duty - Modern Warfare 2 Sound, VO & Music\.FF Files\weapons\g36\weap_g36_slmn_1.wav
g36_field_rifledist.ogg	Modern Warfare 2 distant report	D:\Call of Duty - Modern Warfare 2 .FF Files\Call of Duty - Modern Warfare 2 Sound, VO & Music\.FF Files\weapons\g36\weap_g36_slst_1.wav
g36_field_riflereload.ogg	Modern Warfare 2 designed reload	D:\Call of Duty - Modern Warfare 2 .FF Files\Call of Duty - Modern Warfare 2 Sound, VO & Music\.FF Files\foley\wpfoly_g36_reload_clipout_v1.wav + D:\Call of Duty - Modern Warfare 2 .FF Files\Call of Duty - Modern Warfare 2 Sound, VO & Music\.FF Files\foley\wpfoly_g36_reload_chamber_v1.wav + D:\Call of Duty - Modern Warfare 2 .FF Files\Call of Duty - Modern Warfare 2 Sound, VO & Music\.FF Files\foley\wpfoly_g36_reload_chamber_v1.wav
g36_field_rifledraw.ogg	Modern Warfare 2 draw	D:\Call of Duty - Modern Warfare 2 .FF Files\Call of Duty - Modern Warfare 2 Sound, VO & Music\.FF Files\foley\wpfoly_g36_reload_lift_v1.wav
g36_field_rifleholster.ogg	Modern Warfare 2 holster	D:\Call of Duty - Modern Warfare 2 .FF Files\Call of Duty - Modern Warfare 2 Sound, VO & Music\.FF Files\foley\wpfoly_g36_reload_lift_v1.wav
g36_field_rifleunload.ogg	Modern Warfare 2 unload	D:\Call of Duty - Modern Warfare 2 .FF Files\Call of Duty - Modern Warfare 2 Sound, VO & Music\.FF Files\foley\wpfoly_g36_reload_clipout_v1.wav
g36_field_riflereloadend.ogg	Modern Warfare 2 reloadend	D:\Call of Duty - Modern Warfare 2 .FF Files\Call of Duty - Modern Warfare 2 Sound, VO & Music\.FF Files\foley\wpfoly_g36_reload_chamber_v1.wav
g36_field_rifleempty.ogg	Modern Warfare 2 empty	D:\Call of Duty - Modern Warfare 2 .FF Files\Call of Duty - Modern Warfare 2 Sound, VO & Music\.FF Files\foley\wpfoly_g36_reload_chamber_v1.wav
glock_service_pistolfire1.ogg	Modern Warfare 2 report	D:\Call of Duty - Modern Warfare 2 .FF Files\Call of Duty - Modern Warfare 2 Sound, VO & Music\.FF Files\weapons\glock\weap_glock_slmn_1d2.wav
glock_service_pistolfire2.ogg	Modern Warfare 2 report	D:\Call of Duty - Modern Warfare 2 .FF Files\Call of Duty - Modern Warfare 2 Sound, VO & Music\.FF Files\weapons\glock\weap_glock_slst_1d2.wav
glock_service_pistolfire3.ogg	Modern Warfare 2 report	D:\Call of Duty - Modern Warfare 2 .FF Files\Call of Duty - Modern Warfare 2 Sound, VO & Music\.FF Files\weapons\glock\weap_glock_slmn_1d2.wav
glock_service_pistoldist.ogg	Modern Warfare 2 distant report	D:\Call of Duty - Modern Warfare 2 .FF Files\Call of Duty - Modern Warfare 2 Sound, VO & Music\.FF Files\weapons\glock\weap_glock_slst_1d2.wav
glock_service_pistolreload.ogg	Modern Warfare 2 designed reload	D:\Call of Duty - Modern Warfare 2 .FF Files\Call of Duty - Modern Warfare 2 Sound, VO & Music\.FF Files\foley\wpfoly_glock_reload_clipout_v1.wav + D:\Call of Duty - Modern Warfare 2 .FF Files\Call of Duty - Modern Warfare 2 Sound, VO & Music\.FF Files\foley\wpfoly_glock_reload_chamber_v1.wav + D:\Call of Duty - Modern Warfare 2 .FF Files\Call of Duty - Modern Warfare 2 Sound, VO & Music\.FF Files\foley\wpfoly_glock_reload_chamber_v1.wav
glock_service_pistoldraw.ogg	Modern Warfare 2 draw	D:\Call of Duty - Modern Warfare 2 .FF Files\Call of Duty - Modern Warfare 2 Sound, VO & Music\.FF Files\foley\wpfoly_glock_reload_first_lift_v1.wav
glock_service_pistolholster.ogg	Modern Warfare 2 holster	D:\Call of Duty - Modern Warfare 2 .FF Files\Call of Duty - Modern Warfare 2 Sound, VO & Music\.FF Files\foley\wpfoly_glock_reload_first_lift_v1.wav
glock_service_pistolunload.ogg	Modern Warfare 2 unload	D:\Call of Duty - Modern Warfare 2 .FF Files\Call of Duty - Modern Warfare 2 Sound, VO & Music\.FF Files\foley\wpfoly_glock_reload_clipout_v1.wav
glock_service_pistolreloadend.ogg	Modern Warfare 2 reloadend	D:\Call of Duty - Modern Warfare 2 .FF Files\Call of Duty - Modern Warfare 2 Sound, VO & Music\.FF Files\foley\wpfoly_glock_reload_chamber_v1.wav
glock_service_pistolempty.ogg	Modern Warfare 2 empty	D:\Call of Duty - Modern Warfare 2 .FF Files\Call of Duty - Modern Warfare 2 Sound, VO & Music\.FF Files\foley\wpfoly_glock_reload_chamber_v1.wav
javelin_infantry_launcherfire1.ogg	Modern Warfare 2 report	D:\Call of Duty - Modern Warfare 2 .FF Files\Call of Duty - Modern Warfare 2 Sound, VO & Music\.FF Files\weapons\javelin\move_05_proj_loop1_stereo.wav
javelin_infantry_launcherfire2.ogg	Modern Warfare 2 report	D:\Call of Duty - Modern Warfare 2 .FF Files\Call of Duty - Modern Warfare 2 Sound, VO & Music\.FF Files\weapons\javelin\weap_javelin_fire_dist_v1.wav
javelin_infantry_launcherfire3.ogg	Modern Warfare 2 report	D:\Call of Duty - Modern Warfare 2 .FF Files\Call of Duty - Modern Warfare 2 Sound, VO & Music\.FF Files\weapons\javelin\weap_javelin_fire_v1.wav
javelin_infantry_launcherdist.ogg	Modern Warfare 2 distant report	D:\Call of Duty - Modern Warfare 2 .FF Files\Call of Duty - Modern Warfare 2 Sound, VO & Music\.FF Files\weapons\javelin\weap_rpg_loop_trail2_stereo.wav
javelin_infantry_launcherreload.ogg	Modern Warfare 2 designed reload	D:\Call of Duty - Modern Warfare 2 .FF Files\Call of Duty - Modern Warfare 2 Sound, VO & Music\.FF Files\foley\wpfoly_javelin_reload_lift_v1.wav + D:\Call of Duty - Modern Warfare 2 .FF Files\Call of Duty - Modern Warfare 2 Sound, VO & Music\.FF Files\foley\wpfoly_javelin_reload_lift_v1.wav + D:\Call of Duty - Modern Warfare 2 .FF Files\Call of Duty - Modern Warfare 2 Sound, VO & Music\.FF Files\foley\wpfoly_javelin_reload_tube_v1.wav
javelin_infantry_launcherdraw.ogg	Modern Warfare 2 draw	D:\Call of Duty - Modern Warfare 2 .FF Files\Call of Duty - Modern Warfare 2 Sound, VO & Music\.FF Files\foley\wpfoly_javelin_reload_lift_v1.wav
javelin_infantry_launcherholster.ogg	Modern Warfare 2 holster	D:\Call of Duty - Modern Warfare 2 .FF Files\Call of Duty - Modern Warfare 2 Sound, VO & Music\.FF Files\foley\wpfoly_javelin_reload_lift_v1.wav
javelin_infantry_launcherunload.ogg	Modern Warfare 2 unload	D:\Call of Duty - Modern Warfare 2 .FF Files\Call of Duty - Modern Warfare 2 Sound, VO & Music\.FF Files\foley\wpfoly_javelin_reload_lift_v1.wav
javelin_infantry_launcherreloadend.ogg	Modern Warfare 2 reloadend	D:\Call of Duty - Modern Warfare 2 .FF Files\Call of Duty - Modern Warfare 2 Sound, VO & Music\.FF Files\foley\wpfoly_javelin_reload_tube_v1.wav
javelin_infantry_launcherempty.ogg	Modern Warfare 2 empty	D:\Call of Duty - Modern Warfare 2 .FF Files\Call of Duty - Modern Warfare 2 Sound, VO & Music\.FF Files\foley\wpfoly_javelin_reload_tube_v1.wav
kriss_compact_carbinefire1.ogg	Modern Warfare 2 report	D:\Call of Duty - Modern Warfare 2 .FF Files\Call of Duty - Modern Warfare 2 Sound, VO & Music\.FF Files\weapons\kriss\wpnfire_kriss_v2_03.wav
kriss_compact_carbinefire2.ogg	Modern Warfare 2 report	D:\Call of Duty - Modern Warfare 2 .FF Files\Call of Duty - Modern Warfare 2 Sound, VO & Music\.FF Files\weapons\kriss\wpnfire_kriss_v2_03_mn.wav
kriss_compact_carbinefire3.ogg	Modern Warfare 2 report	D:\Call of Duty - Modern Warfare 2 .FF Files\Call of Duty - Modern Warfare 2 Sound, VO & Music\.FF Files\weapons\kriss\wpnfire_kriss_v2_03.wav
kriss_compact_carbinedist.ogg	Modern Warfare 2 distant report	D:\Call of Duty - Modern Warfare 2 .FF Files\Call of Duty - Modern Warfare 2 Sound, VO & Music\.FF Files\weapons\kriss\wpnfire_kriss_v2_03_mn.wav
kriss_compact_carbinereload.ogg	Modern Warfare 2 designed reload	D:\Call of Duty - Modern Warfare 2 .FF Files\Call of Duty - Modern Warfare 2 Sound, VO & Music\.FF Files\foley\wpfoly_kriss_reload_clipout_v1.wav + D:\Call of Duty - Modern Warfare 2 .FF Files\Call of Duty - Modern Warfare 2 Sound, VO & Music\.FF Files\foley\wpfoly_kriss_reload_chamber_v1.wav + D:\Call of Duty - Modern Warfare 2 .FF Files\Call of Duty - Modern Warfare 2 Sound, VO & Music\.FF Files\foley\wpfoly_kriss_reload_chamber_v1.wav
kriss_compact_carbinedraw.ogg	Modern Warfare 2 draw	D:\Call of Duty - Modern Warfare 2 .FF Files\Call of Duty - Modern Warfare 2 Sound, VO & Music\.FF Files\foley\wpfoly_kriss_reload_first_lift_v1.wav
kriss_compact_carbineholster.ogg	Modern Warfare 2 holster	D:\Call of Duty - Modern Warfare 2 .FF Files\Call of Duty - Modern Warfare 2 Sound, VO & Music\.FF Files\foley\wpfoly_kriss_reload_first_lift_v1.wav
kriss_compact_carbineunload.ogg	Modern Warfare 2 unload	D:\Call of Duty - Modern Warfare 2 .FF Files\Call of Duty - Modern Warfare 2 Sound, VO & Music\.FF Files\foley\wpfoly_kriss_reload_clipout_v1.wav
kriss_compact_carbinereloadend.ogg	Modern Warfare 2 reloadend	D:\Call of Duty - Modern Warfare 2 .FF Files\Call of Duty - Modern Warfare 2 Sound, VO & Music\.FF Files\foley\wpfoly_kriss_reload_chamber_v1.wav
kriss_compact_carbineempty.ogg	Modern Warfare 2 empty	D:\Call of Duty - Modern Warfare 2 .FF Files\Call of Duty - Modern Warfare 2 Sound, VO & Music\.FF Files\foley\wpfoly_kriss_reload_chamber_v1.wav
m240_support_weaponfire1.ogg	Modern Warfare 2 report	D:\Call of Duty - Modern Warfare 2 .FF Files\Call of Duty - Modern Warfare 2 Sound, VO & Music\.FF Files\weapons\m240\weap_m240_slmn_1e5.wav
m240_support_weaponfire2.ogg	Modern Warfare 2 report	D:\Call of Duty - Modern Warfare 2 .FF Files\Call of Duty - Modern Warfare 2 Sound, VO & Music\.FF Files\weapons\m240\weap_m240_slst_1e5.wav
m240_support_weaponfire3.ogg	Modern Warfare 2 report	D:\Call of Duty - Modern Warfare 2 .FF Files\Call of Duty - Modern Warfare 2 Sound, VO & Music\.FF Files\weapons\m240\wpnfire_lmg_silenced_npc.wav
m240_support_weapondist.ogg	Modern Warfare 2 distant report	D:\Call of Duty - Modern Warfare 2 .FF Files\Call of Duty - Modern Warfare 2 Sound, VO & Music\.FF Files\weapons\m240\wpnfire_lmg_silenced_plyr.wav
m240_support_weaponreload.ogg	Modern Warfare 2 designed reload	D:\Call of Duty - Modern Warfare 2 .FF Files\Call of Duty - Modern Warfare 2 Sound, VO & Music\.FF Files\foley\wpfoly_m44_reload_clipout_v1.wav + D:\Call of Duty - Modern Warfare 2 .FF Files\Call of Duty - Modern Warfare 2 Sound, VO & Music\.FF Files\foley\wpfoly_m44_reload_chamber_v1.wav + D:\Call of Duty - Modern Warfare 2 .FF Files\Call of Duty - Modern Warfare 2 Sound, VO & Music\.FF Files\foley\wpfoly_m44_reload_chamber_v1.wav
m240_support_weapondraw.ogg	Modern Warfare 2 draw	D:\Call of Duty - Modern Warfare 2 .FF Files\Call of Duty - Modern Warfare 2 Sound, VO & Music\.FF Files\foley\wpfoly_m44_reload_lift_v1.wav
m240_support_weaponholster.ogg	Modern Warfare 2 holster	D:\Call of Duty - Modern Warfare 2 .FF Files\Call of Duty - Modern Warfare 2 Sound, VO & Music\.FF Files\foley\wpfoly_m44_reload_lift_v1.wav
m240_support_weaponunload.ogg	Modern Warfare 2 unload	D:\Call of Duty - Modern Warfare 2 .FF Files\Call of Duty - Modern Warfare 2 Sound, VO & Music\.FF Files\foley\wpfoly_m44_reload_clipout_v1.wav
m240_support_weaponreloadend.ogg	Modern Warfare 2 reloadend	D:\Call of Duty - Modern Warfare 2 .FF Files\Call of Duty - Modern Warfare 2 Sound, VO & Music\.FF Files\foley\wpfoly_m44_reload_chamber_v1.wav
m240_support_weaponempty.ogg	Modern Warfare 2 empty	D:\Call of Duty - Modern Warfare 2 .FF Files\Call of Duty - Modern Warfare 2 Sound, VO & Music\.FF Files\foley\wpfoly_m44_reload_chamber_v1.wav
m249_support_weaponfire1.ogg	Modern Warfare 2 report	D:\Call of Duty - Modern Warfare 2 .FF Files\Call of Duty - Modern Warfare 2 Sound, VO & Music\.FF Files\weapons\m249\weap_m249_mono5.wav
m249_support_weaponfire2.ogg	Modern Warfare 2 report	D:\Call of Duty - Modern Warfare 2 .FF Files\Call of Duty - Modern Warfare 2 Sound, VO & Music\.FF Files\weapons\m249\weap_m249_sl_1.wav
m249_support_weaponfire3.ogg	Modern Warfare 2 report	D:\Call of Duty - Modern Warfare 2 .FF Files\Call of Duty - Modern Warfare 2 Sound, VO & Music\.FF Files\weapons\m249\weap_m249_slst_1.wav
m249_support_weapondist.ogg	Modern Warfare 2 distant report	D:\Call of Duty - Modern Warfare 2 .FF Files\Call of Duty - Modern Warfare 2 Sound, VO & Music\.FF Files\weapons\m249\weap_m249_slst_1.wav
m249_support_weaponreload.ogg	Modern Warfare 2 designed reload	D:\Call of Duty - Modern Warfare 2 .FF Files\Call of Duty - Modern Warfare 2 Sound, VO & Music\.FF Files\foley\wpfoly_m249_reload_clipout_v1.wav + D:\Call of Duty - Modern Warfare 2 .FF Files\Call of Duty - Modern Warfare 2 Sound, VO & Music\.FF Files\foley\wpfoly_m249_reload_chamber_v1.wav + D:\Call of Duty - Modern Warfare 2 .FF Files\Call of Duty - Modern Warfare 2 Sound, VO & Music\.FF Files\foley\wpfoly_m249_reload_chamber_v1.wav
m249_support_weapondraw.ogg	Modern Warfare 2 draw	D:\Call of Duty - Modern Warfare 2 .FF Files\Call of Duty - Modern Warfare 2 Sound, VO & Music\.FF Files\foley\wpfoly_m249_reload_chamber_v1.wav
m249_support_weaponholster.ogg	Modern Warfare 2 holster	D:\Call of Duty - Modern Warfare 2 .FF Files\Call of Duty - Modern Warfare 2 Sound, VO & Music\.FF Files\foley\wpfoly_m249_reload_chamber_v1.wav
m249_support_weaponunload.ogg	Modern Warfare 2 unload	D:\Call of Duty - Modern Warfare 2 .FF Files\Call of Duty - Modern Warfare 2 Sound, VO & Music\.FF Files\foley\wpfoly_m249_reload_clipout_v1.wav
m249_support_weaponreloadend.ogg	Modern Warfare 2 reloadend	D:\Call of Duty - Modern Warfare 2 .FF Files\Call of Duty - Modern Warfare 2 Sound, VO & Music\.FF Files\foley\wpfoly_m249_reload_chamber_v1.wav
m249_support_weaponempty.ogg	Modern Warfare 2 empty	D:\Call of Duty - Modern Warfare 2 .FF Files\Call of Duty - Modern Warfare 2 Sound, VO & Music\.FF Files\foley\wpfoly_m249_reload_chamber_v1.wav
m4_field_riflefire1.ogg	Modern Warfare 2 report	D:\Call of Duty - Modern Warfare 2 .FF Files\Call of Duty - Modern Warfare 2 Sound, VO & Music\.FF Files\weapons\m4\weap_m4_reload_empty.wav
m4_field_riflefire2.ogg	Modern Warfare 2 report	D:\Call of Duty - Modern Warfare 2 .FF Files\Call of Duty - Modern Warfare 2 Sound, VO & Music\.FF Files\weapons\m4\weap_m4_silencer_slmn_2b.wav
m4_field_riflefire3.ogg	Modern Warfare 2 report	D:\Call of Duty - Modern Warfare 2 .FF Files\Call of Duty - Modern Warfare 2 Sound, VO & Music\.FF Files\weapons\m4\weap_m4_silencer_slst_2b.wav
m4_field_rifledist.ogg	Modern Warfare 2 distant report	D:\Call of Duty - Modern Warfare 2 .FF Files\Call of Duty - Modern Warfare 2 Sound, VO & Music\.FF Files\weapons\m4\weap_m4_slst_65dmp.wav
m4_field_riflereload.ogg	Modern Warfare 2 designed reload	D:\Call of Duty - Modern Warfare 2 .FF Files\Call of Duty - Modern Warfare 2 Sound, VO & Music\.FF Files\foley\wpfoly_m4_reload_clipout.wav + D:\Call of Duty - Modern Warfare 2 .FF Files\Call of Duty - Modern Warfare 2 Sound, VO & Music\.FF Files\foley\wpfoly_m4_reload_clipin.wav + D:\Call of Duty - Modern Warfare 2 .FF Files\Call of Duty - Modern Warfare 2 Sound, VO & Music\.FF Files\foley\wpfoly_m4_reload_clipout.wav
m4_field_rifledraw.ogg	Modern Warfare 2 draw	D:\Call of Duty - Modern Warfare 2 .FF Files\Call of Duty - Modern Warfare 2 Sound, VO & Music\.FF Files\foley\wpfoly_m4_reload_clipin.wav
m4_field_rifleholster.ogg	Modern Warfare 2 holster	D:\Call of Duty - Modern Warfare 2 .FF Files\Call of Duty - Modern Warfare 2 Sound, VO & Music\.FF Files\foley\wpfoly_m4_reload_clipin.wav
m4_field_rifleunload.ogg	Modern Warfare 2 unload	D:\Call of Duty - Modern Warfare 2 .FF Files\Call of Duty - Modern Warfare 2 Sound, VO & Music\.FF Files\foley\wpfoly_m4_reload_clipout.wav
m4_field_riflereloadend.ogg	Modern Warfare 2 reloadend	D:\Call of Duty - Modern Warfare 2 .FF Files\Call of Duty - Modern Warfare 2 Sound, VO & Music\.FF Files\foley\wpfoly_m4_reload_clipout.wav
m4_field_rifleempty.ogg	Modern Warfare 2 empty	D:\Call of Duty - Modern Warfare 2 .FF Files\Call of Duty - Modern Warfare 2 Sound, VO & Music\.FF Files\foley\wpfoly_m4_reload_clipout.wav
m60_support_weaponfire1.ogg	Modern Warfare 2 report	D:\Call of Duty - Modern Warfare 2 .FF Files\Call of Duty - Modern Warfare 2 Sound, VO & Music\.FF Files\weapons\m60\weap_m60_sl_1.wav
m60_support_weaponfire2.ogg	Modern Warfare 2 report	D:\Call of Duty - Modern Warfare 2 .FF Files\Call of Duty - Modern Warfare 2 Sound, VO & Music\.FF Files\weapons\m60\weap_m60_slst_1.wav
m60_support_weaponfire3.ogg	Modern Warfare 2 report	D:\Call of Duty - Modern Warfare 2 .FF Files\Call of Duty - Modern Warfare 2 Sound, VO & Music\.FF Files\weapons\m60\weap_m60_sl_1.wav
m60_support_weapondist.ogg	Modern Warfare 2 distant report	D:\Call of Duty - Modern Warfare 2 .FF Files\Call of Duty - Modern Warfare 2 Sound, VO & Music\.FF Files\weapons\m60\weap_m60_slst_1.wav
m60_support_weaponreload.ogg	Modern Warfare 2 designed reload	D:\Call of Duty - Modern Warfare 2 .FF Files\Call of Duty - Modern Warfare 2 Sound, VO & Music\.FF Files\foley\wpfoly_m60_reload_clipout_v1.wav + D:\Call of Duty - Modern Warfare 2 .FF Files\Call of Duty - Modern Warfare 2 Sound, VO & Music\.FF Files\foley\wpfoly_m60_reload_chamber_v1.wav + D:\Call of Duty - Modern Warfare 2 .FF Files\Call of Duty - Modern Warfare 2 Sound, VO & Music\.FF Files\foley\wpfoly_m60_reload_chamber_v1.wav
m60_support_weapondraw.ogg	Modern Warfare 2 draw	D:\Call of Duty - Modern Warfare 2 .FF Files\Call of Duty - Modern Warfare 2 Sound, VO & Music\.FF Files\foley\wpfoly_m60_reload_lift_v1.wav
m60_support_weaponholster.ogg	Modern Warfare 2 holster	D:\Call of Duty - Modern Warfare 2 .FF Files\Call of Duty - Modern Warfare 2 Sound, VO & Music\.FF Files\foley\wpfoly_m60_reload_lift_v1.wav
m60_support_weaponunload.ogg	Modern Warfare 2 unload	D:\Call of Duty - Modern Warfare 2 .FF Files\Call of Duty - Modern Warfare 2 Sound, VO & Music\.FF Files\foley\wpfoly_m60_reload_clipout_v1.wav
m60_support_weaponreloadend.ogg	Modern Warfare 2 reloadend	D:\Call of Duty - Modern Warfare 2 .FF Files\Call of Duty - Modern Warfare 2 Sound, VO & Music\.FF Files\foley\wpfoly_m60_reload_chamber_v1.wav
m60_support_weaponempty.ogg	Modern Warfare 2 empty	D:\Call of Duty - Modern Warfare 2 .FF Files\Call of Duty - Modern Warfare 2 Sound, VO & Music\.FF Files\foley\wpfoly_m60_reload_chamber_v1.wav
m79_infantry_launcherfire1.ogg	Modern Warfare 2 report	D:\Call of Duty - Modern Warfare 2 .FF Files\Call of Duty - Modern Warfare 2 Sound, VO & Music\.FF Files\weapons\m79\weap_m79_sl_2d.wav
m79_infantry_launcherfire2.ogg	Modern Warfare 2 report	D:\Call of Duty - Modern Warfare 2 .FF Files\Call of Duty - Modern Warfare 2 Sound, VO & Music\.FF Files\weapons\m79\weap_m79_sl_2d.wav
m79_infantry_launcherfire3.ogg	Modern Warfare 2 report	D:\Call of Duty - Modern Warfare 2 .FF Files\Call of Duty - Modern Warfare 2 Sound, VO & Music\.FF Files\weapons\m79\weap_m79_sl_2d.wav
m79_infantry_launcherdist.ogg	Modern Warfare 2 distant report	D:\Call of Duty - Modern Warfare 2 .FF Files\Call of Duty - Modern Warfare 2 Sound, VO & Music\.FF Files\weapons\m79\weap_m79_sl_2d.wav
m79_infantry_launcherreload.ogg	Modern Warfare 2 designed reload	D:\Call of Duty - Modern Warfare 2 .FF Files\Call of Duty - Modern Warfare 2 Sound, VO & Music\.FF Files\foley\wpfoly_m79_reload_clipout_v1.wav + D:\Call of Duty - Modern Warfare 2 .FF Files\Call of Duty - Modern Warfare 2 Sound, VO & Music\.FF Files\foley\wpfoly_m79_reload_chamber_v1.wav + D:\Call of Duty - Modern Warfare 2 .FF Files\Call of Duty - Modern Warfare 2 Sound, VO & Music\.FF Files\foley\wpfoly_m79_reload_chamber_v1.wav
m79_infantry_launcherdraw.ogg	Modern Warfare 2 draw	D:\Call of Duty - Modern Warfare 2 .FF Files\Call of Duty - Modern Warfare 2 Sound, VO & Music\.FF Files\foley\wpfoly_m79_reload_lift_v1.wav
m79_infantry_launcherholster.ogg	Modern Warfare 2 holster	D:\Call of Duty - Modern Warfare 2 .FF Files\Call of Duty - Modern Warfare 2 Sound, VO & Music\.FF Files\foley\wpfoly_m79_reload_lift_v1.wav
m79_infantry_launcherunload.ogg	Modern Warfare 2 unload	D:\Call of Duty - Modern Warfare 2 .FF Files\Call of Duty - Modern Warfare 2 Sound, VO & Music\.FF Files\foley\wpfoly_m79_reload_clipout_v1.wav
m79_infantry_launcherreloadend.ogg	Modern Warfare 2 reloadend	D:\Call of Duty - Modern Warfare 2 .FF Files\Call of Duty - Modern Warfare 2 Sound, VO & Music\.FF Files\foley\wpfoly_m79_reload_chamber_v1.wav
m79_infantry_launcherempty.ogg	Modern Warfare 2 empty	D:\Call of Duty - Modern Warfare 2 .FF Files\Call of Duty - Modern Warfare 2 Sound, VO & Music\.FF Files\foley\wpfoly_m79_reload_chamber_v1.wav
magpul_field_riflefire1.ogg	Modern Warfare 2 report	D:\Call of Duty - Modern Warfare 2 .FF Files\Call of Duty - Modern Warfare 2 Sound, VO & Music\.FF Files\weapons\magpul\weap_magpul_slmn_4b.wav
magpul_field_riflefire2.ogg	Modern Warfare 2 report	D:\Call of Duty - Modern Warfare 2 .FF Files\Call of Duty - Modern Warfare 2 Sound, VO & Music\.FF Files\weapons\magpul\weap_magpul_slst_4b.wav
magpul_field_riflefire3.ogg	Modern Warfare 2 report	D:\Call of Duty - Modern Warfare 2 .FF Files\Call of Duty - Modern Warfare 2 Sound, VO & Music\.FF Files\weapons\magpul\weap_magpulsilenced_slmn_3d3.wav
magpul_field_rifledist.ogg	Modern Warfare 2 distant report	D:\Call of Duty - Modern Warfare 2 .FF Files\Call of Duty - Modern Warfare 2 Sound, VO & Music\.FF Files\weapons\magpul\weap_magpulsilenced_slst_3d3.wav
magpul_field_riflereload.ogg	Modern Warfare 2 designed reload	D:\Call of Duty - Modern Warfare 2 .FF Files\Call of Duty - Modern Warfare 2 Sound, VO & Music\.FF Files\foley\wpfoly_m4_reload_clipout.wav + D:\Call of Duty - Modern Warfare 2 .FF Files\Call of Duty - Modern Warfare 2 Sound, VO & Music\.FF Files\foley\wpfoly_m4_reload_clipin.wav + D:\Call of Duty - Modern Warfare 2 .FF Files\Call of Duty - Modern Warfare 2 Sound, VO & Music\.FF Files\foley\wpfoly_m4_reload_clipout.wav
magpul_field_rifledraw.ogg	Modern Warfare 2 draw	D:\Call of Duty - Modern Warfare 2 .FF Files\Call of Duty - Modern Warfare 2 Sound, VO & Music\.FF Files\foley\wpfoly_m4_reload_clipin.wav
magpul_field_rifleholster.ogg	Modern Warfare 2 holster	D:\Call of Duty - Modern Warfare 2 .FF Files\Call of Duty - Modern Warfare 2 Sound, VO & Music\.FF Files\foley\wpfoly_m4_reload_clipin.wav
magpul_field_rifleunload.ogg	Modern Warfare 2 unload	D:\Call of Duty - Modern Warfare 2 .FF Files\Call of Duty - Modern Warfare 2 Sound, VO & Music\.FF Files\foley\wpfoly_m4_reload_clipout.wav
magpul_field_riflereloadend.ogg	Modern Warfare 2 reloadend	D:\Call of Duty - Modern Warfare 2 .FF Files\Call of Duty - Modern Warfare 2 Sound, VO & Music\.FF Files\foley\wpfoly_m4_reload_clipout.wav
magpul_field_rifleempty.ogg	Modern Warfare 2 empty	D:\Call of Duty - Modern Warfare 2 .FF Files\Call of Duty - Modern Warfare 2 Sound, VO & Music\.FF Files\foley\wpfoly_m4_reload_clipout.wav
miniuzi_compact_carbinefire1.ogg	Modern Warfare 2 report	D:\Call of Duty - Modern Warfare 2 .FF Files\Call of Duty - Modern Warfare 2 Sound, VO & Music\.FF Files\weapons\miniuzi\weap_miniuzi_slmn_9.wav
miniuzi_compact_carbinefire2.ogg	Modern Warfare 2 report	D:\Call of Duty - Modern Warfare 2 .FF Files\Call of Duty - Modern Warfare 2 Sound, VO & Music\.FF Files\weapons\miniuzi\weap_miniuzi_slst_9.wav
miniuzi_compact_carbinefire3.ogg	Modern Warfare 2 report	D:\Call of Duty - Modern Warfare 2 .FF Files\Call of Duty - Modern Warfare 2 Sound, VO & Music\.FF Files\weapons\miniuzi\weap_miniuzi_slmn_9.wav
miniuzi_compact_carbinedist.ogg	Modern Warfare 2 distant report	D:\Call of Duty - Modern Warfare 2 .FF Files\Call of Duty - Modern Warfare 2 Sound, VO & Music\.FF Files\weapons\miniuzi\weap_miniuzi_slst_9.wav
miniuzi_compact_carbinereload.ogg	Modern Warfare 2 designed reload	D:\Call of Duty - Modern Warfare 2 .FF Files\Call of Duty - Modern Warfare 2 Sound, VO & Music\.FF Files\foley\wpfoly_miniuzi_reload_clipout_v2.wav + D:\Call of Duty - Modern Warfare 2 .FF Files\Call of Duty - Modern Warfare 2 Sound, VO & Music\.FF Files\foley\wpfoly_miniuzi_reload_chamber_v1.wav + D:\Call of Duty - Modern Warfare 2 .FF Files\Call of Duty - Modern Warfare 2 Sound, VO & Music\.FF Files\foley\wpfoly_miniuzi_reload_chamber_v1.wav
miniuzi_compact_carbinedraw.ogg	Modern Warfare 2 draw	D:\Call of Duty - Modern Warfare 2 .FF Files\Call of Duty - Modern Warfare 2 Sound, VO & Music\.FF Files\foley\wpfoly_miniuzi_reload_lift_v1.wav
miniuzi_compact_carbineholster.ogg	Modern Warfare 2 holster	D:\Call of Duty - Modern Warfare 2 .FF Files\Call of Duty - Modern Warfare 2 Sound, VO & Music\.FF Files\foley\wpfoly_miniuzi_reload_lift_v1.wav
miniuzi_compact_carbineunload.ogg	Modern Warfare 2 unload	D:\Call of Duty - Modern Warfare 2 .FF Files\Call of Duty - Modern Warfare 2 Sound, VO & Music\.FF Files\foley\wpfoly_miniuzi_reload_clipout_v2.wav
miniuzi_compact_carbinereloadend.ogg	Modern Warfare 2 reloadend	D:\Call of Duty - Modern Warfare 2 .FF Files\Call of Duty - Modern Warfare 2 Sound, VO & Music\.FF Files\foley\wpfoly_miniuzi_reload_chamber_v1.wav
miniuzi_compact_carbineempty.ogg	Modern Warfare 2 empty	D:\Call of Duty - Modern Warfare 2 .FF Files\Call of Duty - Modern Warfare 2 Sound, VO & Music\.FF Files\foley\wpfoly_miniuzi_reload_chamber_v1.wav
mp5_compact_carbinefire1.ogg	Modern Warfare 2 report	D:\Call of Duty - Modern Warfare 2 .FF Files\Call of Duty - Modern Warfare 2 Sound, VO & Music\.FF Files\weapons\mp5\weap_mp5_silencer_slmn_2d.wav
mp5_compact_carbinefire2.ogg	Modern Warfare 2 report	D:\Call of Duty - Modern Warfare 2 .FF Files\Call of Duty - Modern Warfare 2 Sound, VO & Music\.FF Files\weapons\mp5\weap_mp5_silencer_slst_2d.wav
mp5_compact_carbinefire3.ogg	Modern Warfare 2 report	D:\Call of Duty - Modern Warfare 2 .FF Files\Call of Duty - Modern Warfare 2 Sound, VO & Music\.FF Files\weapons\mp5\weap_mp5_slmn_6m3.wav
mp5_compact_carbinedist.ogg	Modern Warfare 2 distant report	D:\Call of Duty - Modern Warfare 2 .FF Files\Call of Duty - Modern Warfare 2 Sound, VO & Music\.FF Files\weapons\mp5\weap_mp5_slst_6m3.wav
mp5_compact_carbinereload.ogg	Modern Warfare 2 designed reload	D:\Call of Duty - Modern Warfare 2 .FF Files\Call of Duty - Modern Warfare 2 Sound, VO & Music\.FF Files\foley\wpfoly_mp5_reload_clipout_v4.wav + D:\Call of Duty - Modern Warfare 2 .FF Files\Call of Duty - Modern Warfare 2 Sound, VO & Music\.FF Files\foley\wpfoly_mp5_reload_chamber_v3.wav + D:\Call of Duty - Modern Warfare 2 .FF Files\Call of Duty - Modern Warfare 2 Sound, VO & Music\.FF Files\foley\wpfoly_mp5_reload_chamber_v3.wav
mp5_compact_carbinedraw.ogg	Modern Warfare 2 draw	D:\Call of Duty - Modern Warfare 2 .FF Files\Call of Duty - Modern Warfare 2 Sound, VO & Music\.FF Files\foley\wpfoly_mp5_reload_chamber_v3.wav
mp5_compact_carbineholster.ogg	Modern Warfare 2 holster	D:\Call of Duty - Modern Warfare 2 .FF Files\Call of Duty - Modern Warfare 2 Sound, VO & Music\.FF Files\foley\wpfoly_mp5_reload_chamber_v3.wav
mp5_compact_carbineunload.ogg	Modern Warfare 2 unload	D:\Call of Duty - Modern Warfare 2 .FF Files\Call of Duty - Modern Warfare 2 Sound, VO & Music\.FF Files\foley\wpfoly_mp5_reload_clipout_v4.wav
mp5_compact_carbinereloadend.ogg	Modern Warfare 2 reloadend	D:\Call of Duty - Modern Warfare 2 .FF Files\Call of Duty - Modern Warfare 2 Sound, VO & Music\.FF Files\foley\wpfoly_mp5_reload_chamber_v3.wav
mp5_compact_carbineempty.ogg	Modern Warfare 2 empty	D:\Call of Duty - Modern Warfare 2 .FF Files\Call of Duty - Modern Warfare 2 Sound, VO & Music\.FF Files\foley\wpfoly_mp5_reload_chamber_v3.wav
p90_compact_carbinefire1.ogg	Modern Warfare 2 report	D:\Call of Duty - Modern Warfare 2 .FF Files\Call of Duty - Modern Warfare 2 Sound, VO & Music\.FF Files\weapons\p90\weap_p90_silencer_slmn_1.wav
p90_compact_carbinefire2.ogg	Modern Warfare 2 report	D:\Call of Duty - Modern Warfare 2 .FF Files\Call of Duty - Modern Warfare 2 Sound, VO & Music\.FF Files\weapons\p90\weap_p90_silencer_slst_1.wav
p90_compact_carbinefire3.ogg	Modern Warfare 2 report	D:\Call of Duty - Modern Warfare 2 .FF Files\Call of Duty - Modern Warfare 2 Sound, VO & Music\.FF Files\weapons\p90\weap_p90_slmn_1.wav
p90_compact_carbinedist.ogg	Modern Warfare 2 distant report	D:\Call of Duty - Modern Warfare 2 .FF Files\Call of Duty - Modern Warfare 2 Sound, VO & Music\.FF Files\weapons\p90\weap_p90_slst_1.wav
p90_compact_carbinereload.ogg	Modern Warfare 2 designed reload	D:\Call of Duty - Modern Warfare 2 .FF Files\Call of Duty - Modern Warfare 2 Sound, VO & Music\.FF Files\foley\wpfoly_p90_reload_clipout_v1.wav + D:\Call of Duty - Modern Warfare 2 .FF Files\Call of Duty - Modern Warfare 2 Sound, VO & Music\.FF Files\foley\wpfoly_p90_reload_chamber_v1.wav + D:\Call of Duty - Modern Warfare 2 .FF Files\Call of Duty - Modern Warfare 2 Sound, VO & Music\.FF Files\foley\wpfoly_p90_reload_chamber_v1.wav
p90_compact_carbinedraw.ogg	Modern Warfare 2 draw	D:\Call of Duty - Modern Warfare 2 .FF Files\Call of Duty - Modern Warfare 2 Sound, VO & Music\.FF Files\foley\wpfoly_p90_reload_lift_v1.wav
p90_compact_carbineholster.ogg	Modern Warfare 2 holster	D:\Call of Duty - Modern Warfare 2 .FF Files\Call of Duty - Modern Warfare 2 Sound, VO & Music\.FF Files\foley\wpfoly_p90_reload_lift_v1.wav
p90_compact_carbineunload.ogg	Modern Warfare 2 unload	D:\Call of Duty - Modern Warfare 2 .FF Files\Call of Duty - Modern Warfare 2 Sound, VO & Music\.FF Files\foley\wpfoly_p90_reload_clipout_v1.wav
p90_compact_carbinereloadend.ogg	Modern Warfare 2 reloadend	D:\Call of Duty - Modern Warfare 2 .FF Files\Call of Duty - Modern Warfare 2 Sound, VO & Music\.FF Files\foley\wpfoly_p90_reload_chamber_v1.wav
p90_compact_carbineempty.ogg	Modern Warfare 2 empty	D:\Call of Duty - Modern Warfare 2 .FF Files\Call of Duty - Modern Warfare 2 Sound, VO & Music\.FF Files\foley\wpfoly_p90_reload_chamber_v1.wav
rpd_support_weaponfire1.ogg	Modern Warfare 2 report	D:\Call of Duty - Modern Warfare 2 .FF Files\Call of Duty - Modern Warfare 2 Sound, VO & Music\.FF Files\weapons\rpd\wpnfire_rpd_v2.wav
rpd_support_weaponfire2.ogg	Modern Warfare 2 report	D:\Call of Duty - Modern Warfare 2 .FF Files\Call of Duty - Modern Warfare 2 Sound, VO & Music\.FF Files\weapons\rpd\wpnfire_rpd_v2_mn.wav
rpd_support_weaponfire3.ogg	Modern Warfare 2 report	D:\Call of Duty - Modern Warfare 2 .FF Files\Call of Duty - Modern Warfare 2 Sound, VO & Music\.FF Files\weapons\rpd\wpnfire_rpd_v2.wav
rpd_support_weapondist.ogg	Modern Warfare 2 distant report	D:\Call of Duty - Modern Warfare 2 .FF Files\Call of Duty - Modern Warfare 2 Sound, VO & Music\.FF Files\weapons\rpd\wpnfire_rpd_v2_mn.wav
rpd_support_weaponreload.ogg	Modern Warfare 2 designed reload	D:\Call of Duty - Modern Warfare 2 .FF Files\Call of Duty - Modern Warfare 2 Sound, VO & Music\.FF Files\foley\wpfoly_rpd_reload_clipout_v1.wav + D:\Call of Duty - Modern Warfare 2 .FF Files\Call of Duty - Modern Warfare 2 Sound, VO & Music\.FF Files\foley\wpfoly_rpd_reload_chamber_v1.wav + D:\Call of Duty - Modern Warfare 2 .FF Files\Call of Duty - Modern Warfare 2 Sound, VO & Music\.FF Files\foley\wpfoly_rpd_reload_chamber_v1.wav
rpd_support_weapondraw.ogg	Modern Warfare 2 draw	D:\Call of Duty - Modern Warfare 2 .FF Files\Call of Duty - Modern Warfare 2 Sound, VO & Music\.FF Files\foley\wpfoly_rpd_reload_lift_v1.wav
rpd_support_weaponholster.ogg	Modern Warfare 2 holster	D:\Call of Duty - Modern Warfare 2 .FF Files\Call of Duty - Modern Warfare 2 Sound, VO & Music\.FF Files\foley\wpfoly_rpd_reload_lift_v1.wav
rpd_support_weaponunload.ogg	Modern Warfare 2 unload	D:\Call of Duty - Modern Warfare 2 .FF Files\Call of Duty - Modern Warfare 2 Sound, VO & Music\.FF Files\foley\wpfoly_rpd_reload_clipout_v1.wav
rpd_support_weaponreloadend.ogg	Modern Warfare 2 reloadend	D:\Call of Duty - Modern Warfare 2 .FF Files\Call of Duty - Modern Warfare 2 Sound, VO & Music\.FF Files\foley\wpfoly_rpd_reload_chamber_v1.wav
rpd_support_weaponempty.ogg	Modern Warfare 2 empty	D:\Call of Duty - Modern Warfare 2 .FF Files\Call of Duty - Modern Warfare 2 Sound, VO & Music\.FF Files\foley\wpfoly_rpd_reload_chamber_v1.wav
rpg7_infantry_launcherfire1.ogg	Modern Warfare 2 report	D:\Call of Duty - Modern Warfare 2 .FF Files\Call of Duty - Modern Warfare 2 Sound, VO & Music\.FF Files\weapons\rpg7\weap_rpg7loop_sl_1.wav
rpg7_infantry_launcherfire2.ogg	Modern Warfare 2 report	D:\Call of Duty - Modern Warfare 2 .FF Files\Call of Duty - Modern Warfare 2 Sound, VO & Music\.FF Files\weapons\rpg7\weap_rpg_slmn_2.wav
rpg7_infantry_launcherfire3.ogg	Modern Warfare 2 report	D:\Call of Duty - Modern Warfare 2 .FF Files\Call of Duty - Modern Warfare 2 Sound, VO & Music\.FF Files\weapons\rpg7\weap_rpg_trail_loop_flamehiss2.wav
rpg7_infantry_launcherdist.ogg	Modern Warfare 2 distant report	D:\Call of Duty - Modern Warfare 2 .FF Files\Call of Duty - Modern Warfare 2 Sound, VO & Music\.FF Files\weapons\rpg7\weap_rpg_trail_loop_whippigwhistle3.wav
rpg7_infantry_launcherreload.ogg	Modern Warfare 2 designed reload	D:\Call of Duty - Modern Warfare 2 .FF Files\Call of Duty - Modern Warfare 2 Sound, VO & Music\.FF Files\foley\wpfoly_m44_reload_clipout_v1.wav + D:\Call of Duty - Modern Warfare 2 .FF Files\Call of Duty - Modern Warfare 2 Sound, VO & Music\.FF Files\foley\wpfoly_m44_reload_chamber_v1.wav + D:\Call of Duty - Modern Warfare 2 .FF Files\Call of Duty - Modern Warfare 2 Sound, VO & Music\.FF Files\foley\wpfoly_m44_reload_chamber_v1.wav
rpg7_infantry_launcherdraw.ogg	Modern Warfare 2 draw	D:\Call of Duty - Modern Warfare 2 .FF Files\Call of Duty - Modern Warfare 2 Sound, VO & Music\.FF Files\foley\wpfoly_m44_reload_lift_v1.wav
rpg7_infantry_launcherholster.ogg	Modern Warfare 2 holster	D:\Call of Duty - Modern Warfare 2 .FF Files\Call of Duty - Modern Warfare 2 Sound, VO & Music\.FF Files\foley\wpfoly_m44_reload_lift_v1.wav
rpg7_infantry_launcherunload.ogg	Modern Warfare 2 unload	D:\Call of Duty - Modern Warfare 2 .FF Files\Call of Duty - Modern Warfare 2 Sound, VO & Music\.FF Files\foley\wpfoly_m44_reload_clipout_v1.wav
rpg7_infantry_launcherreloadend.ogg	Modern Warfare 2 reloadend	D:\Call of Duty - Modern Warfare 2 .FF Files\Call of Duty - Modern Warfare 2 Sound, VO & Music\.FF Files\foley\wpfoly_m44_reload_chamber_v1.wav
rpg7_infantry_launcherempty.ogg	Modern Warfare 2 empty	D:\Call of Duty - Modern Warfare 2 .FF Files\Call of Duty - Modern Warfare 2 Sound, VO & Music\.FF Files\foley\wpfoly_m44_reload_chamber_v1.wav
sa80_support_weaponfire1.ogg	Modern Warfare 2 report	D:\Call of Duty - Modern Warfare 2 .FF Files\Call of Duty - Modern Warfare 2 Sound, VO & Music\.FF Files\weapons\sa80\weap_sa80_slmn_1b.wav
sa80_support_weaponfire2.ogg	Modern Warfare 2 report	D:\Call of Duty - Modern Warfare 2 .FF Files\Call of Duty - Modern Warfare 2 Sound, VO & Music\.FF Files\weapons\sa80\weap_sa80_slst_1b.wav
sa80_support_weaponfire3.ogg	Modern Warfare 2 report	D:\Call of Duty - Modern Warfare 2 .FF Files\Call of Duty - Modern Warfare 2 Sound, VO & Music\.FF Files\weapons\sa80\weap_sa80_slmn_1b.wav
sa80_support_weapondist.ogg	Modern Warfare 2 distant report	D:\Call of Duty - Modern Warfare 2 .FF Files\Call of Duty - Modern Warfare 2 Sound, VO & Music\.FF Files\weapons\sa80\weap_sa80_slst_1b.wav
sa80_support_weaponreload.ogg	Modern Warfare 2 designed reload	D:\Call of Duty - Modern Warfare 2 .FF Files\Call of Duty - Modern Warfare 2 Sound, VO & Music\.FF Files\foley\wpfoly_m44_reload_clipout_v1.wav + D:\Call of Duty - Modern Warfare 2 .FF Files\Call of Duty - Modern Warfare 2 Sound, VO & Music\.FF Files\foley\wpfoly_m44_reload_chamber_v1.wav + D:\Call of Duty - Modern Warfare 2 .FF Files\Call of Duty - Modern Warfare 2 Sound, VO & Music\.FF Files\foley\wpfoly_m44_reload_chamber_v1.wav
sa80_support_weapondraw.ogg	Modern Warfare 2 draw	D:\Call of Duty - Modern Warfare 2 .FF Files\Call of Duty - Modern Warfare 2 Sound, VO & Music\.FF Files\foley\wpfoly_m44_reload_lift_v1.wav
sa80_support_weaponholster.ogg	Modern Warfare 2 holster	D:\Call of Duty - Modern Warfare 2 .FF Files\Call of Duty - Modern Warfare 2 Sound, VO & Music\.FF Files\foley\wpfoly_m44_reload_lift_v1.wav
sa80_support_weaponunload.ogg	Modern Warfare 2 unload	D:\Call of Duty - Modern Warfare 2 .FF Files\Call of Duty - Modern Warfare 2 Sound, VO & Music\.FF Files\foley\wpfoly_m44_reload_clipout_v1.wav
sa80_support_weaponreloadend.ogg	Modern Warfare 2 reloadend	D:\Call of Duty - Modern Warfare 2 .FF Files\Call of Duty - Modern Warfare 2 Sound, VO & Music\.FF Files\foley\wpfoly_m44_reload_chamber_v1.wav
sa80_support_weaponempty.ogg	Modern Warfare 2 empty	D:\Call of Duty - Modern Warfare 2 .FF Files\Call of Duty - Modern Warfare 2 Sound, VO & Music\.FF Files\foley\wpfoly_m44_reload_chamber_v1.wav
scar_field_riflefire1.ogg	Modern Warfare 2 report	D:\Call of Duty - Modern Warfare 2 .FF Files\Call of Duty - Modern Warfare 2 Sound, VO & Music\.FF Files\weapons\scar\weap_scar_slmn_06b4.wav
scar_field_riflefire2.ogg	Modern Warfare 2 report	D:\Call of Duty - Modern Warfare 2 .FF Files\Call of Duty - Modern Warfare 2 Sound, VO & Music\.FF Files\weapons\scar\weap_scar_slst_06b4.wav
scar_field_riflefire3.ogg	Modern Warfare 2 report	D:\Call of Duty - Modern Warfare 2 .FF Files\Call of Duty - Modern Warfare 2 Sound, VO & Music\.FF Files\weapons\scar\weap_scar_slmn_06b4.wav
scar_field_rifledist.ogg	Modern Warfare 2 distant report	D:\Call of Duty - Modern Warfare 2 .FF Files\Call of Duty - Modern Warfare 2 Sound, VO & Music\.FF Files\weapons\scar\weap_scar_slst_06b4.wav
scar_field_riflereload.ogg	Modern Warfare 2 designed reload	D:\Call of Duty - Modern Warfare 2 .FF Files\Call of Duty - Modern Warfare 2 Sound, VO & Music\.FF Files\foley\wpfoly_scar_reload_clipout_v1.wav + D:\Call of Duty - Modern Warfare 2 .FF Files\Call of Duty - Modern Warfare 2 Sound, VO & Music\.FF Files\foley\wpfoly_scar_reload_chamber_v1.wav + D:\Call of Duty - Modern Warfare 2 .FF Files\Call of Duty - Modern Warfare 2 Sound, VO & Music\.FF Files\foley\wpfoly_scar_reload_chamber_v1.wav
scar_field_rifledraw.ogg	Modern Warfare 2 draw	D:\Call of Duty - Modern Warfare 2 .FF Files\Call of Duty - Modern Warfare 2 Sound, VO & Music\.FF Files\foley\wpfoly_scar_reload_lift_v1.wav
scar_field_rifleholster.ogg	Modern Warfare 2 holster	D:\Call of Duty - Modern Warfare 2 .FF Files\Call of Duty - Modern Warfare 2 Sound, VO & Music\.FF Files\foley\wpfoly_scar_reload_lift_v1.wav
scar_field_rifleunload.ogg	Modern Warfare 2 unload	D:\Call of Duty - Modern Warfare 2 .FF Files\Call of Duty - Modern Warfare 2 Sound, VO & Music\.FF Files\foley\wpfoly_scar_reload_clipout_v1.wav
scar_field_riflereloadend.ogg	Modern Warfare 2 reloadend	D:\Call of Duty - Modern Warfare 2 .FF Files\Call of Duty - Modern Warfare 2 Sound, VO & Music\.FF Files\foley\wpfoly_scar_reload_chamber_v1.wav
scar_field_rifleempty.ogg	Modern Warfare 2 empty	D:\Call of Duty - Modern Warfare 2 .FF Files\Call of Duty - Modern Warfare 2 Sound, VO & Music\.FF Files\foley\wpfoly_scar_reload_chamber_v1.wav
skorpion_compact_carbinefire1.ogg	Modern Warfare 2 report	D:\Call of Duty - Modern Warfare 2 .FF Files\Call of Duty - Modern Warfare 2 Sound, VO & Music\.FF Files\weapons\skorpion\weap_skorpion_slmn_1bx.wav
skorpion_compact_carbinefire2.ogg	Modern Warfare 2 report	D:\Call of Duty - Modern Warfare 2 .FF Files\Call of Duty - Modern Warfare 2 Sound, VO & Music\.FF Files\weapons\skorpion\weap_skorpion_slst_2.wav
skorpion_compact_carbinefire3.ogg	Modern Warfare 2 report	D:\Call of Duty - Modern Warfare 2 .FF Files\Call of Duty - Modern Warfare 2 Sound, VO & Music\.FF Files\weapons\skorpion\weap_skorpion_slmn_1bx.wav
skorpion_compact_carbinedist.ogg	Modern Warfare 2 distant report	D:\Call of Duty - Modern Warfare 2 .FF Files\Call of Duty - Modern Warfare 2 Sound, VO & Music\.FF Files\weapons\skorpion\weap_skorpion_slst_2.wav
skorpion_compact_carbinereload.ogg	Modern Warfare 2 designed reload	D:\Call of Duty - Modern Warfare 2 .FF Files\Call of Duty - Modern Warfare 2 Sound, VO & Music\.FF Files\foley\wpfoly_skorpion_reload_clipout_v1.wav + D:\Call of Duty - Modern Warfare 2 .FF Files\Call of Duty - Modern Warfare 2 Sound, VO & Music\.FF Files\foley\wpfoly_skorpion_reload_chamber_v1.wav + D:\Call of Duty - Modern Warfare 2 .FF Files\Call of Duty - Modern Warfare 2 Sound, VO & Music\.FF Files\foley\wpfoly_skorpion_reload_chamber_v1.wav
skorpion_compact_carbinedraw.ogg	Modern Warfare 2 draw	D:\Call of Duty - Modern Warfare 2 .FF Files\Call of Duty - Modern Warfare 2 Sound, VO & Music\.FF Files\foley\wpfoly_skorpion_reload_lift_v1.wav
skorpion_compact_carbineholster.ogg	Modern Warfare 2 holster	D:\Call of Duty - Modern Warfare 2 .FF Files\Call of Duty - Modern Warfare 2 Sound, VO & Music\.FF Files\foley\wpfoly_skorpion_reload_lift_v1.wav
skorpion_compact_carbineunload.ogg	Modern Warfare 2 unload	D:\Call of Duty - Modern Warfare 2 .FF Files\Call of Duty - Modern Warfare 2 Sound, VO & Music\.FF Files\foley\wpfoly_skorpion_reload_clipout_v1.wav
skorpion_compact_carbinereloadend.ogg	Modern Warfare 2 reloadend	D:\Call of Duty - Modern Warfare 2 .FF Files\Call of Duty - Modern Warfare 2 Sound, VO & Music\.FF Files\foley\wpfoly_skorpion_reload_chamber_v1.wav
skorpion_compact_carbineempty.ogg	Modern Warfare 2 empty	D:\Call of Duty - Modern Warfare 2 .FF Files\Call of Duty - Modern Warfare 2 Sound, VO & Music\.FF Files\foley\wpfoly_skorpion_reload_chamber_v1.wav
tavor_field_riflefire1.ogg	Modern Warfare 2 report	D:\Call of Duty - Modern Warfare 2 .FF Files\Call of Duty - Modern Warfare 2 Sound, VO & Music\.FF Files\weapons\tavor\wpnfire_tavor_v2_01.wav
tavor_field_riflefire2.ogg	Modern Warfare 2 report	D:\Call of Duty - Modern Warfare 2 .FF Files\Call of Duty - Modern Warfare 2 Sound, VO & Music\.FF Files\weapons\tavor\wpnfire_tavor_v2_01_mn.wav
tavor_field_riflefire3.ogg	Modern Warfare 2 report	D:\Call of Duty - Modern Warfare 2 .FF Files\Call of Duty - Modern Warfare 2 Sound, VO & Music\.FF Files\weapons\tavor\wpnfire_tavor_v2_01.wav
tavor_field_rifledist.ogg	Modern Warfare 2 distant report	D:\Call of Duty - Modern Warfare 2 .FF Files\Call of Duty - Modern Warfare 2 Sound, VO & Music\.FF Files\weapons\tavor\wpnfire_tavor_v2_01_mn.wav
tavor_field_riflereload.ogg	Modern Warfare 2 designed reload	D:\Call of Duty - Modern Warfare 2 .FF Files\Call of Duty - Modern Warfare 2 Sound, VO & Music\.FF Files\foley\wpfoly_m4_reload_clipout.wav + D:\Call of Duty - Modern Warfare 2 .FF Files\Call of Duty - Modern Warfare 2 Sound, VO & Music\.FF Files\foley\wpfoly_m4_reload_clipin.wav + D:\Call of Duty - Modern Warfare 2 .FF Files\Call of Duty - Modern Warfare 2 Sound, VO & Music\.FF Files\foley\wpfoly_m4_reload_clipout.wav
tavor_field_rifledraw.ogg	Modern Warfare 2 draw	D:\Call of Duty - Modern Warfare 2 .FF Files\Call of Duty - Modern Warfare 2 Sound, VO & Music\.FF Files\foley\wpfoly_m4_reload_clipin.wav
tavor_field_rifleholster.ogg	Modern Warfare 2 holster	D:\Call of Duty - Modern Warfare 2 .FF Files\Call of Duty - Modern Warfare 2 Sound, VO & Music\.FF Files\foley\wpfoly_m4_reload_clipin.wav
tavor_field_rifleunload.ogg	Modern Warfare 2 unload	D:\Call of Duty - Modern Warfare 2 .FF Files\Call of Duty - Modern Warfare 2 Sound, VO & Music\.FF Files\foley\wpfoly_m4_reload_clipout.wav
tavor_field_riflereloadend.ogg	Modern Warfare 2 reloadend	D:\Call of Duty - Modern Warfare 2 .FF Files\Call of Duty - Modern Warfare 2 Sound, VO & Music\.FF Files\foley\wpfoly_m4_reload_clipout.wav
tavor_field_rifleempty.ogg	Modern Warfare 2 empty	D:\Call of Duty - Modern Warfare 2 .FF Files\Call of Duty - Modern Warfare 2 Sound, VO & Music\.FF Files\foley\wpfoly_m4_reload_clipout.wav
wa2000_precision_riflefire1.ogg	Modern Warfare 2 report	D:\Call of Duty - Modern Warfare 2 .FF Files\Call of Duty - Modern Warfare 2 Sound, VO & Music\.FF Files\weapons\wa2000\weap_wa2000_slmn_2.wav
wa2000_precision_riflefire2.ogg	Modern Warfare 2 report	D:\Call of Duty - Modern Warfare 2 .FF Files\Call of Duty - Modern Warfare 2 Sound, VO & Music\.FF Files\weapons\wa2000\weap_wa2000_slst_2.wav
wa2000_precision_riflefire3.ogg	Modern Warfare 2 report	D:\Call of Duty - Modern Warfare 2 .FF Files\Call of Duty - Modern Warfare 2 Sound, VO & Music\.FF Files\weapons\wa2000\weap_wa2000_slmn_2.wav
wa2000_precision_rifledist.ogg	Modern Warfare 2 distant report	D:\Call of Duty - Modern Warfare 2 .FF Files\Call of Duty - Modern Warfare 2 Sound, VO & Music\.FF Files\weapons\wa2000\weap_wa2000_slst_2.wav
wa2000_precision_riflereload.ogg	Modern Warfare 2 designed reload	D:\Call of Duty - Modern Warfare 2 .FF Files\Call of Duty - Modern Warfare 2 Sound, VO & Music\.FF Files\foley\wpfoly_m44_reload_clipout_v1.wav + D:\Call of Duty - Modern Warfare 2 .FF Files\Call of Duty - Modern Warfare 2 Sound, VO & Music\.FF Files\foley\wpfoly_m44_reload_chamber_v1.wav + D:\Call of Duty - Modern Warfare 2 .FF Files\Call of Duty - Modern Warfare 2 Sound, VO & Music\.FF Files\foley\wpfoly_m44_reload_chamber_v1.wav
wa2000_precision_rifledraw.ogg	Modern Warfare 2 draw	D:\Call of Duty - Modern Warfare 2 .FF Files\Call of Duty - Modern Warfare 2 Sound, VO & Music\.FF Files\foley\wpfoly_m44_reload_lift_v1.wav
wa2000_precision_rifleholster.ogg	Modern Warfare 2 holster	D:\Call of Duty - Modern Warfare 2 .FF Files\Call of Duty - Modern Warfare 2 Sound, VO & Music\.FF Files\foley\wpfoly_m44_reload_lift_v1.wav
wa2000_precision_rifleunload.ogg	Modern Warfare 2 unload	D:\Call of Duty - Modern Warfare 2 .FF Files\Call of Duty - Modern Warfare 2 Sound, VO & Music\.FF Files\foley\wpfoly_m44_reload_clipout_v1.wav
wa2000_precision_riflereloadend.ogg	Modern Warfare 2 reloadend	D:\Call of Duty - Modern Warfare 2 .FF Files\Call of Duty - Modern Warfare 2 Sound, VO & Music\.FF Files\foley\wpfoly_m44_reload_chamber_v1.wav
wa2000_precision_rifleempty.ogg	Modern Warfare 2 empty	D:\Call of Duty - Modern Warfare 2 .FF Files\Call of Duty - Modern Warfare 2 Sound, VO & Music\.FF Files\foley\wpfoly_m44_reload_chamber_v1.wav
50cal_marksman_systemfire1.ogg	Modern Warfare 3 report	D:\Call of Duty - Modern Warfare 3 .FF Files\Call of Duty - Modern Warfare 3 Sound, VO & Music\.FF Files\weapons\50cal\weap_50cal_slst_21e.wav
50cal_marksman_systemfire2.ogg	Modern Warfare 3 report	D:\Call of Duty - Modern Warfare 3 .FF Files\Call of Duty - Modern Warfare 3 Sound, VO & Music\.FF Files\weapons\50cal\weap_50cal_temp_v2.wav
50cal_marksman_systemfire3.ogg	Modern Warfare 3 report	D:\Call of Duty - Modern Warfare 3 .FF Files\Call of Duty - Modern Warfare 3 Sound, VO & Music\.FF Files\weapons\50cal\weap_50cal_slst_21e.wav
50cal_marksman_systemdist.ogg	Modern Warfare 3 distant report	D:\Call of Duty - Modern Warfare 3 .FF Files\Call of Duty - Modern Warfare 3 Sound, VO & Music\.FF Files\weapons\50cal\weap_50cal_temp_v2.wav
50cal_marksman_systemreload.ogg	Modern Warfare 3 designed reload	D:\Call of Duty - Modern Warfare 3 .FF Files\Call of Duty - Modern Warfare 3 Sound, VO & Music\.FF Files\foley\wpfoly_m4_reload_clipout.wav + D:\Call of Duty - Modern Warfare 3 .FF Files\Call of Duty - Modern Warfare 3 Sound, VO & Music\.FF Files\foley\wpfoly_m4_reload_clipin.wav + D:\Call of Duty - Modern Warfare 3 .FF Files\Call of Duty - Modern Warfare 3 Sound, VO & Music\.FF Files\foley\wpfoly_m4reload_chamber_v10.wav
50cal_marksman_systemdraw.ogg	Modern Warfare 3 draw	D:\Call of Duty - Modern Warfare 3 .FF Files\Call of Duty - Modern Warfare 3 Sound, VO & Music\.FF Files\foley\wpfoly_m4reload_lift_v10.wav
50cal_marksman_systemholster.ogg	Modern Warfare 3 holster	D:\Call of Duty - Modern Warfare 3 .FF Files\Call of Duty - Modern Warfare 3 Sound, VO & Music\.FF Files\foley\wpfoly_m4reload_lift_v10.wav
50cal_marksman_systemunload.ogg	Modern Warfare 3 unload	D:\Call of Duty - Modern Warfare 3 .FF Files\Call of Duty - Modern Warfare 3 Sound, VO & Music\.FF Files\foley\wpfoly_m4_reload_clipout.wav
50cal_marksman_systemreloadend.ogg	Modern Warfare 3 reloadend	D:\Call of Duty - Modern Warfare 3 .FF Files\Call of Duty - Modern Warfare 3 Sound, VO & Music\.FF Files\foley\wpfoly_m4reload_chamber_v10.wav
50cal_marksman_systemempty.ogg	Modern Warfare 3 empty	D:\Call of Duty - Modern Warfare 3 .FF Files\Call of Duty - Modern Warfare 3 Sound, VO & Music\.FF Files\foley\wpfoly_m4reload_chamber_v10.wav
ak47_modular_riflefire1.ogg	Modern Warfare 3 report	D:\Call of Duty - Modern Warfare 3 .FF Files\Call of Duty - Modern Warfare 3 Sound, VO & Music\.FF Files\weapons\ak47\weap_ak47_slmn_21.wav
ak47_modular_riflefire2.ogg	Modern Warfare 3 report	D:\Call of Duty - Modern Warfare 3 .FF Files\Call of Duty - Modern Warfare 3 Sound, VO & Music\.FF Files\weapons\ak47\weap_ak47_slst_3.wav
ak47_modular_riflefire3.ogg	Modern Warfare 3 report	D:\Call of Duty - Modern Warfare 3 .FF Files\Call of Duty - Modern Warfare 3 Sound, VO & Music\.FF Files\weapons\ak47\weap_ak47_slmn_21.wav
ak47_modular_rifledist.ogg	Modern Warfare 3 distant report	D:\Call of Duty - Modern Warfare 3 .FF Files\Call of Duty - Modern Warfare 3 Sound, VO & Music\.FF Files\weapons\ak47\weap_ak47_slst_3.wav
ak47_modular_riflereload.ogg	Modern Warfare 3 designed reload	D:\Call of Duty - Modern Warfare 3 .FF Files\Call of Duty - Modern Warfare 3 Sound, VO & Music\.FF Files\foley\wpfoly_ak47_reload_clipout_v5.wav + D:\Call of Duty - Modern Warfare 3 .FF Files\Call of Duty - Modern Warfare 3 Sound, VO & Music\.FF Files\foley\wpfoly_ak47_reload_chamber_v4.wav + D:\Call of Duty - Modern Warfare 3 .FF Files\Call of Duty - Modern Warfare 3 Sound, VO & Music\.FF Files\foley\wpfoly_ak47_reload_chamber_v4.wav
ak47_modular_rifledraw.ogg	Modern Warfare 3 draw	D:\Call of Duty - Modern Warfare 3 .FF Files\Call of Duty - Modern Warfare 3 Sound, VO & Music\.FF Files\foley\wpfoly_ak47_reload_lift_v4.wav
ak47_modular_rifleholster.ogg	Modern Warfare 3 holster	D:\Call of Duty - Modern Warfare 3 .FF Files\Call of Duty - Modern Warfare 3 Sound, VO & Music\.FF Files\foley\wpfoly_ak47_reload_lift_v4.wav
ak47_modular_rifleunload.ogg	Modern Warfare 3 unload	D:\Call of Duty - Modern Warfare 3 .FF Files\Call of Duty - Modern Warfare 3 Sound, VO & Music\.FF Files\foley\wpfoly_ak47_reload_clipout_v5.wav
ak47_modular_riflereloadend.ogg	Modern Warfare 3 reloadend	D:\Call of Duty - Modern Warfare 3 .FF Files\Call of Duty - Modern Warfare 3 Sound, VO & Music\.FF Files\foley\wpfoly_ak47_reload_chamber_v4.wav
ak47_modular_rifleempty.ogg	Modern Warfare 3 empty	D:\Call of Duty - Modern Warfare 3 .FF Files\Call of Duty - Modern Warfare 3 Sound, VO & Music\.FF Files\foley\wpfoly_ak47_reload_chamber_v4.wav
ak74u_personal_defence_weaponfire1.ogg	Modern Warfare 3 report	D:\Call of Duty - Modern Warfare 3 .FF Files\Call of Duty - Modern Warfare 3 Sound, VO & Music\.FF Files\weapons\ak74u\weap_ak74_slmn_35c.wav
ak74u_personal_defence_weaponfire2.ogg	Modern Warfare 3 report	D:\Call of Duty - Modern Warfare 3 .FF Files\Call of Duty - Modern Warfare 3 Sound, VO & Music\.FF Files\weapons\ak74u\weap_ak74_slst_1.wav
ak74u_personal_defence_weaponfire3.ogg	Modern Warfare 3 report	D:\Call of Duty - Modern Warfare 3 .FF Files\Call of Duty - Modern Warfare 3 Sound, VO & Music\.FF Files\weapons\ak74u\weap_ak74_slmn_35c.wav
ak74u_personal_defence_weapondist.ogg	Modern Warfare 3 distant report	D:\Call of Duty - Modern Warfare 3 .FF Files\Call of Duty - Modern Warfare 3 Sound, VO & Music\.FF Files\weapons\ak74u\weap_ak74_slst_1.wav
ak74u_personal_defence_weaponreload.ogg	Modern Warfare 3 designed reload	D:\Call of Duty - Modern Warfare 3 .FF Files\Call of Duty - Modern Warfare 3 Sound, VO & Music\.FF Files\foley\wpfoly_ak74u_reload_clipout_v5.wav + D:\Call of Duty - Modern Warfare 3 .FF Files\Call of Duty - Modern Warfare 3 Sound, VO & Music\.FF Files\foley\wpfoly_ak74u_reload_chamber_v4.wav + D:\Call of Duty - Modern Warfare 3 .FF Files\Call of Duty - Modern Warfare 3 Sound, VO & Music\.FF Files\foley\wpfoly_ak74u_reload_chamber_v4.wav
ak74u_personal_defence_weapondraw.ogg	Modern Warfare 3 draw	D:\Call of Duty - Modern Warfare 3 .FF Files\Call of Duty - Modern Warfare 3 Sound, VO & Music\.FF Files\foley\wpfoly_ak74u_reload_lift_v4.wav
ak74u_personal_defence_weaponholster.ogg	Modern Warfare 3 holster	D:\Call of Duty - Modern Warfare 3 .FF Files\Call of Duty - Modern Warfare 3 Sound, VO & Music\.FF Files\foley\wpfoly_ak74u_reload_lift_v4.wav
ak74u_personal_defence_weaponunload.ogg	Modern Warfare 3 unload	D:\Call of Duty - Modern Warfare 3 .FF Files\Call of Duty - Modern Warfare 3 Sound, VO & Music\.FF Files\foley\wpfoly_ak74u_reload_clipout_v5.wav
ak74u_personal_defence_weaponreloadend.ogg	Modern Warfare 3 reloadend	D:\Call of Duty - Modern Warfare 3 .FF Files\Call of Duty - Modern Warfare 3 Sound, VO & Music\.FF Files\foley\wpfoly_ak74u_reload_chamber_v4.wav
ak74u_personal_defence_weaponempty.ogg	Modern Warfare 3 empty	D:\Call of Duty - Modern Warfare 3 .FF Files\Call of Duty - Modern Warfare 3 Sound, VO & Music\.FF Files\foley\wpfoly_ak74u_reload_chamber_v4.wav
anaconda_tactical_pistolfire1.ogg	Modern Warfare 3 report	D:\Call of Duty - Modern Warfare 3 .FF Files\Call of Duty - Modern Warfare 3 Sound, VO & Music\.FF Files\weapons\anaconda\wpnfire_revolver_44mag.wav
anaconda_tactical_pistolfire2.ogg	Modern Warfare 3 report	D:\Call of Duty - Modern Warfare 3 .FF Files\Call of Duty - Modern Warfare 3 Sound, VO & Music\.FF Files\weapons\anaconda\wpnfire_revolver_44mag_mn.wav
anaconda_tactical_pistolfire3.ogg	Modern Warfare 3 report	D:\Call of Duty - Modern Warfare 3 .FF Files\Call of Duty - Modern Warfare 3 Sound, VO & Music\.FF Files\weapons\anaconda\wpnfire_revolver_44mag.wav
anaconda_tactical_pistoldist.ogg	Modern Warfare 3 distant report	D:\Call of Duty - Modern Warfare 3 .FF Files\Call of Duty - Modern Warfare 3 Sound, VO & Music\.FF Files\weapons\anaconda\wpnfire_revolver_44mag_mn.wav
anaconda_tactical_pistolreload.ogg	Modern Warfare 3 designed reload	D:\Call of Duty - Modern Warfare 3 .FF Files\Call of Duty - Modern Warfare 3 Sound, VO & Music\.FF Files\foley\wpfoly_anaconda_reload_clipout_v1.wav + D:\Call of Duty - Modern Warfare 3 .FF Files\Call of Duty - Modern Warfare 3 Sound, VO & Music\.FF Files\foley\wpfoly_anaconda_reload_chamber_v1.wav + D:\Call of Duty - Modern Warfare 3 .FF Files\Call of Duty - Modern Warfare 3 Sound, VO & Music\.FF Files\foley\wpfoly_anaconda_reload_chamber_v1.wav
anaconda_tactical_pistoldraw.ogg	Modern Warfare 3 draw	D:\Call of Duty - Modern Warfare 3 .FF Files\Call of Duty - Modern Warfare 3 Sound, VO & Music\.FF Files\foley\wpfoly_anaconda_reload_lift_v1.wav
anaconda_tactical_pistolholster.ogg	Modern Warfare 3 holster	D:\Call of Duty - Modern Warfare 3 .FF Files\Call of Duty - Modern Warfare 3 Sound, VO & Music\.FF Files\foley\wpfoly_anaconda_reload_lift_v1.wav
anaconda_tactical_pistolunload.ogg	Modern Warfare 3 unload	D:\Call of Duty - Modern Warfare 3 .FF Files\Call of Duty - Modern Warfare 3 Sound, VO & Music\.FF Files\foley\wpfoly_anaconda_reload_clipout_v1.wav
anaconda_tactical_pistolreloadend.ogg	Modern Warfare 3 reloadend	D:\Call of Duty - Modern Warfare 3 .FF Files\Call of Duty - Modern Warfare 3 Sound, VO & Music\.FF Files\foley\wpfoly_anaconda_reload_chamber_v1.wav
anaconda_tactical_pistolempty.ogg	Modern Warfare 3 empty	D:\Call of Duty - Modern Warfare 3 .FF Files\Call of Duty - Modern Warfare 3 Sound, VO & Music\.FF Files\foley\wpfoly_anaconda_reload_chamber_v1.wav
at4_guided_launcherfire1.ogg	Modern Warfare 3 report	D:\Call of Duty - Modern Warfare 3 .FF Files\Call of Duty - Modern Warfare 3 Sound, VO & Music\.FF Files\weapons\at4\wpn_at4_drop_v1.wav
at4_guided_launcherfire2.ogg	Modern Warfare 3 report	D:\Call of Duty - Modern Warfare 3 .FF Files\Call of Duty - Modern Warfare 3 Sound, VO & Music\.FF Files\weapons\at4\wpn_at4_raise_v1.wav
at4_guided_launcherfire3.ogg	Modern Warfare 3 report	D:\Call of Duty - Modern Warfare 3 .FF Files\Call of Duty - Modern Warfare 3 Sound, VO & Music\.FF Files\weapons\at4\wpn_at4_drop_v1.wav
at4_guided_launcherdist.ogg	Modern Warfare 3 distant report	D:\Call of Duty - Modern Warfare 3 .FF Files\Call of Duty - Modern Warfare 3 Sound, VO & Music\.FF Files\weapons\at4\wpn_at4_raise_v1.wav
at4_guided_launcherreload.ogg	Modern Warfare 3 designed reload	D:\Call of Duty - Modern Warfare 3 .FF Files\Call of Duty - Modern Warfare 3 Sound, VO & Music\.FF Files\foley\wpfoly_m4_reload_clipout.wav + D:\Call of Duty - Modern Warfare 3 .FF Files\Call of Duty - Modern Warfare 3 Sound, VO & Music\.FF Files\foley\wpfoly_m4_reload_clipin.wav + D:\Call of Duty - Modern Warfare 3 .FF Files\Call of Duty - Modern Warfare 3 Sound, VO & Music\.FF Files\foley\wpfoly_m4reload_chamber_v10.wav
at4_guided_launcherdraw.ogg	Modern Warfare 3 draw	D:\Call of Duty - Modern Warfare 3 .FF Files\Call of Duty - Modern Warfare 3 Sound, VO & Music\.FF Files\foley\wpfoly_m4reload_lift_v10.wav
at4_guided_launcherholster.ogg	Modern Warfare 3 holster	D:\Call of Duty - Modern Warfare 3 .FF Files\Call of Duty - Modern Warfare 3 Sound, VO & Music\.FF Files\foley\wpfoly_m4reload_lift_v10.wav
at4_guided_launcherunload.ogg	Modern Warfare 3 unload	D:\Call of Duty - Modern Warfare 3 .FF Files\Call of Duty - Modern Warfare 3 Sound, VO & Music\.FF Files\foley\wpfoly_m4_reload_clipout.wav
at4_guided_launcherreloadend.ogg	Modern Warfare 3 reloadend	D:\Call of Duty - Modern Warfare 3 .FF Files\Call of Duty - Modern Warfare 3 Sound, VO & Music\.FF Files\foley\wpfoly_m4reload_chamber_v10.wav
at4_guided_launcherempty.ogg	Modern Warfare 3 empty	D:\Call of Duty - Modern Warfare 3 .FF Files\Call of Duty - Modern Warfare 3 Sound, VO & Music\.FF Files\foley\wpfoly_m4reload_chamber_v10.wav
aw50_marksman_systemfire1.ogg	Modern Warfare 3 report	D:\Call of Duty - Modern Warfare 3 .FF Files\Call of Duty - Modern Warfare 3 Sound, VO & Music\.FF Files\weapons\aw50\weap_aw50_slmn_1.wav
aw50_marksman_systemfire2.ogg	Modern Warfare 3 report	D:\Call of Duty - Modern Warfare 3 .FF Files\Call of Duty - Modern Warfare 3 Sound, VO & Music\.FF Files\weapons\aw50\weap_aw50_slst_1.wav
aw50_marksman_systemfire3.ogg	Modern Warfare 3 report	D:\Call of Duty - Modern Warfare 3 .FF Files\Call of Duty - Modern Warfare 3 Sound, VO & Music\.FF Files\weapons\aw50\weap_aw50_slmn_1.wav
aw50_marksman_systemdist.ogg	Modern Warfare 3 distant report	D:\Call of Duty - Modern Warfare 3 .FF Files\Call of Duty - Modern Warfare 3 Sound, VO & Music\.FF Files\weapons\aw50\weap_aw50_slst_1.wav
aw50_marksman_systemreload.ogg	Modern Warfare 3 designed reload	D:\Call of Duty - Modern Warfare 3 .FF Files\Call of Duty - Modern Warfare 3 Sound, VO & Music\.FF Files\foley\wpfoly_m4_reload_clipout.wav + D:\Call of Duty - Modern Warfare 3 .FF Files\Call of Duty - Modern Warfare 3 Sound, VO & Music\.FF Files\foley\wpfoly_m4_reload_clipin.wav + D:\Call of Duty - Modern Warfare 3 .FF Files\Call of Duty - Modern Warfare 3 Sound, VO & Music\.FF Files\foley\wpfoly_m4reload_chamber_v10.wav
aw50_marksman_systemdraw.ogg	Modern Warfare 3 draw	D:\Call of Duty - Modern Warfare 3 .FF Files\Call of Duty - Modern Warfare 3 Sound, VO & Music\.FF Files\foley\wpfoly_m4reload_lift_v10.wav
aw50_marksman_systemholster.ogg	Modern Warfare 3 holster	D:\Call of Duty - Modern Warfare 3 .FF Files\Call of Duty - Modern Warfare 3 Sound, VO & Music\.FF Files\foley\wpfoly_m4reload_lift_v10.wav
aw50_marksman_systemunload.ogg	Modern Warfare 3 unload	D:\Call of Duty - Modern Warfare 3 .FF Files\Call of Duty - Modern Warfare 3 Sound, VO & Music\.FF Files\foley\wpfoly_m4_reload_clipout.wav
aw50_marksman_systemreloadend.ogg	Modern Warfare 3 reloadend	D:\Call of Duty - Modern Warfare 3 .FF Files\Call of Duty - Modern Warfare 3 Sound, VO & Music\.FF Files\foley\wpfoly_m4reload_chamber_v10.wav
aw50_marksman_systemempty.ogg	Modern Warfare 3 empty	D:\Call of Duty - Modern Warfare 3 .FF Files\Call of Duty - Modern Warfare 3 Sound, VO & Music\.FF Files\foley\wpfoly_m4reload_chamber_v10.wav
barrett_marksman_systemfire1.ogg	Modern Warfare 3 report	D:\Call of Duty - Modern Warfare 3 .FF Files\Call of Duty - Modern Warfare 3 Sound, VO & Music\.FF Files\weapons\barrett\weap_barrett_slmn_1.wav
barrett_marksman_systemfire2.ogg	Modern Warfare 3 report	D:\Call of Duty - Modern Warfare 3 .FF Files\Call of Duty - Modern Warfare 3 Sound, VO & Music\.FF Files\weapons\barrett\weap_barrett_slst_2b.wav
barrett_marksman_systemfire3.ogg	Modern Warfare 3 report	D:\Call of Duty - Modern Warfare 3 .FF Files\Call of Duty - Modern Warfare 3 Sound, VO & Music\.FF Files\weapons\barrett\weap_barrett_slmn_1.wav
barrett_marksman_systemdist.ogg	Modern Warfare 3 distant report	D:\Call of Duty - Modern Warfare 3 .FF Files\Call of Duty - Modern Warfare 3 Sound, VO & Music\.FF Files\weapons\barrett\weap_barrett_slst_2b.wav
barrett_marksman_systemreload.ogg	Modern Warfare 3 designed reload	D:\Call of Duty - Modern Warfare 3 .FF Files\Call of Duty - Modern Warfare 3 Sound, VO & Music\.FF Files\foley\wpfoly_m4_reload_clipout.wav + D:\Call of Duty - Modern Warfare 3 .FF Files\Call of Duty - Modern Warfare 3 Sound, VO & Music\.FF Files\foley\wpfoly_m4_reload_clipin.wav + D:\Call of Duty - Modern Warfare 3 .FF Files\Call of Duty - Modern Warfare 3 Sound, VO & Music\.FF Files\foley\wpfoly_m4reload_chamber_v10.wav
barrett_marksman_systemdraw.ogg	Modern Warfare 3 draw	D:\Call of Duty - Modern Warfare 3 .FF Files\Call of Duty - Modern Warfare 3 Sound, VO & Music\.FF Files\foley\wpfoly_m4reload_lift_v10.wav
barrett_marksman_systemholster.ogg	Modern Warfare 3 holster	D:\Call of Duty - Modern Warfare 3 .FF Files\Call of Duty - Modern Warfare 3 Sound, VO & Music\.FF Files\foley\wpfoly_m4reload_lift_v10.wav
barrett_marksman_systemunload.ogg	Modern Warfare 3 unload	D:\Call of Duty - Modern Warfare 3 .FF Files\Call of Duty - Modern Warfare 3 Sound, VO & Music\.FF Files\foley\wpfoly_m4_reload_clipout.wav
barrett_marksman_systemreloadend.ogg	Modern Warfare 3 reloadend	D:\Call of Duty - Modern Warfare 3 .FF Files\Call of Duty - Modern Warfare 3 Sound, VO & Music\.FF Files\foley\wpfoly_m4reload_chamber_v10.wav
barrett_marksman_systemempty.ogg	Modern Warfare 3 empty	D:\Call of Duty - Modern Warfare 3 .FF Files\Call of Duty - Modern Warfare 3 Sound, VO & Music\.FF Files\foley\wpfoly_m4reload_chamber_v10.wav
beretta_tactical_pistolfire1.ogg	Modern Warfare 3 report	D:\Call of Duty - Modern Warfare 3 .FF Files\Call of Duty - Modern Warfare 3 Sound, VO & Music\.FF Files\weapons\beretta\weap_beretta_sl_3c.wav
beretta_tactical_pistolfire2.ogg	Modern Warfare 3 report	D:\Call of Duty - Modern Warfare 3 .FF Files\Call of Duty - Modern Warfare 3 Sound, VO & Music\.FF Files\weapons\beretta\weap_beretta_sl_3c.wav
beretta_tactical_pistolfire3.ogg	Modern Warfare 3 report	D:\Call of Duty - Modern Warfare 3 .FF Files\Call of Duty - Modern Warfare 3 Sound, VO & Music\.FF Files\weapons\beretta\weap_beretta_sl_3c.wav
beretta_tactical_pistoldist.ogg	Modern Warfare 3 distant report	D:\Call of Duty - Modern Warfare 3 .FF Files\Call of Duty - Modern Warfare 3 Sound, VO & Music\.FF Files\weapons\beretta\weap_beretta_sl_3c.wav
beretta_tactical_pistolreload.ogg	Modern Warfare 3 designed reload	D:\Call of Duty - Modern Warfare 3 .FF Files\Call of Duty - Modern Warfare 3 Sound, VO & Music\.FF Files\foley\wpfoly_m4_reload_clipout.wav + D:\Call of Duty - Modern Warfare 3 .FF Files\Call of Duty - Modern Warfare 3 Sound, VO & Music\.FF Files\foley\wpfoly_m4_reload_clipin.wav + D:\Call of Duty - Modern Warfare 3 .FF Files\Call of Duty - Modern Warfare 3 Sound, VO & Music\.FF Files\foley\wpfoly_m4reload_chamber_v10.wav
beretta_tactical_pistoldraw.ogg	Modern Warfare 3 draw	D:\Call of Duty - Modern Warfare 3 .FF Files\Call of Duty - Modern Warfare 3 Sound, VO & Music\.FF Files\foley\wpfoly_m4reload_lift_v10.wav
beretta_tactical_pistolholster.ogg	Modern Warfare 3 holster	D:\Call of Duty - Modern Warfare 3 .FF Files\Call of Duty - Modern Warfare 3 Sound, VO & Music\.FF Files\foley\wpfoly_m4reload_lift_v10.wav
beretta_tactical_pistolunload.ogg	Modern Warfare 3 unload	D:\Call of Duty - Modern Warfare 3 .FF Files\Call of Duty - Modern Warfare 3 Sound, VO & Music\.FF Files\foley\wpfoly_m4_reload_clipout.wav
beretta_tactical_pistolreloadend.ogg	Modern Warfare 3 reloadend	D:\Call of Duty - Modern Warfare 3 .FF Files\Call of Duty - Modern Warfare 3 Sound, VO & Music\.FF Files\foley\wpfoly_m4reload_chamber_v10.wav
beretta_tactical_pistolempty.ogg	Modern Warfare 3 empty	D:\Call of Duty - Modern Warfare 3 .FF Files\Call of Duty - Modern Warfare 3 Sound, VO & Music\.FF Files\foley\wpfoly_m4reload_chamber_v10.wav
colt45_tactical_pistolfire1.ogg	Modern Warfare 3 report	D:\Call of Duty - Modern Warfare 3 .FF Files\Call of Duty - Modern Warfare 3 Sound, VO & Music\.FF Files\weapons\colt45\weap_usp45_slmn_y1b.wav
colt45_tactical_pistolfire2.ogg	Modern Warfare 3 report	D:\Call of Duty - Modern Warfare 3 .FF Files\Call of Duty - Modern Warfare 3 Sound, VO & Music\.FF Files\weapons\colt45\weap_usp45_slst_y1b.wav
colt45_tactical_pistolfire3.ogg	Modern Warfare 3 report	D:\Call of Duty - Modern Warfare 3 .FF Files\Call of Duty - Modern Warfare 3 Sound, VO & Music\.FF Files\weapons\colt45\weap_usp45sd_slmn_y1.wav
colt45_tactical_pistoldist.ogg	Modern Warfare 3 distant report	D:\Call of Duty - Modern Warfare 3 .FF Files\Call of Duty - Modern Warfare 3 Sound, VO & Music\.FF Files\weapons\colt45\weap_usp45sd_slst_y1.wav
colt45_tactical_pistolreload.ogg	Modern Warfare 3 designed reload	D:\Call of Duty - Modern Warfare 3 .FF Files\Call of Duty - Modern Warfare 3 Sound, VO & Music\.FF Files\foley\wpfoly_m4_reload_clipout.wav + D:\Call of Duty - Modern Warfare 3 .FF Files\Call of Duty - Modern Warfare 3 Sound, VO & Music\.FF Files\foley\wpfoly_m4_reload_clipin.wav + D:\Call of Duty - Modern Warfare 3 .FF Files\Call of Duty - Modern Warfare 3 Sound, VO & Music\.FF Files\foley\wpfoly_m4reload_chamber_v10.wav
colt45_tactical_pistoldraw.ogg	Modern Warfare 3 draw	D:\Call of Duty - Modern Warfare 3 .FF Files\Call of Duty - Modern Warfare 3 Sound, VO & Music\.FF Files\foley\wpfoly_m4reload_lift_v10.wav
colt45_tactical_pistolholster.ogg	Modern Warfare 3 holster	D:\Call of Duty - Modern Warfare 3 .FF Files\Call of Duty - Modern Warfare 3 Sound, VO & Music\.FF Files\foley\wpfoly_m4reload_lift_v10.wav
colt45_tactical_pistolunload.ogg	Modern Warfare 3 unload	D:\Call of Duty - Modern Warfare 3 .FF Files\Call of Duty - Modern Warfare 3 Sound, VO & Music\.FF Files\foley\wpfoly_m4_reload_clipout.wav
colt45_tactical_pistolreloadend.ogg	Modern Warfare 3 reloadend	D:\Call of Duty - Modern Warfare 3 .FF Files\Call of Duty - Modern Warfare 3 Sound, VO & Music\.FF Files\foley\wpfoly_m4reload_chamber_v10.wav
colt45_tactical_pistolempty.ogg	Modern Warfare 3 empty	D:\Call of Duty - Modern Warfare 3 .FF Files\Call of Duty - Modern Warfare 3 Sound, VO & Music\.FF Files\foley\wpfoly_m4reload_chamber_v10.wav
scar_modular_riflefire1.ogg	Modern Warfare 3 report	D:\Call of Duty - Modern Warfare 3 .FF Files\Call of Duty - Modern Warfare 3 Sound, VO & Music\.FF Files\weapons\scar\weap_scar_slmn_06b4.wav
scar_modular_riflefire2.ogg	Modern Warfare 3 report	D:\Call of Duty - Modern Warfare 3 .FF Files\Call of Duty - Modern Warfare 3 Sound, VO & Music\.FF Files\weapons\scar\weap_scar_slst_06b4.wav
scar_modular_riflefire3.ogg	Modern Warfare 3 report	D:\Call of Duty - Modern Warfare 3 .FF Files\Call of Duty - Modern Warfare 3 Sound, VO & Music\.FF Files\weapons\scar\weap_scar_slmn_06b4.wav
scar_modular_rifledist.ogg	Modern Warfare 3 distant report	D:\Call of Duty - Modern Warfare 3 .FF Files\Call of Duty - Modern Warfare 3 Sound, VO & Music\.FF Files\weapons\scar\weap_scar_slst_06b4.wav
scar_modular_riflereload.ogg	Modern Warfare 3 designed reload	D:\Call of Duty - Modern Warfare 3 .FF Files\Call of Duty - Modern Warfare 3 Sound, VO & Music\.FF Files\foley\wpfoly_scar_reload_clipout_v1.wav + D:\Call of Duty - Modern Warfare 3 .FF Files\Call of Duty - Modern Warfare 3 Sound, VO & Music\.FF Files\foley\wpfoly_scar_reload_chamber_v1.wav + D:\Call of Duty - Modern Warfare 3 .FF Files\Call of Duty - Modern Warfare 3 Sound, VO & Music\.FF Files\foley\wpfoly_scar_reload_chamber_v1.wav
scar_modular_rifledraw.ogg	Modern Warfare 3 draw	D:\Call of Duty - Modern Warfare 3 .FF Files\Call of Duty - Modern Warfare 3 Sound, VO & Music\.FF Files\foley\wpfoly_scar_reload_lift_v1.wav
scar_modular_rifleholster.ogg	Modern Warfare 3 holster	D:\Call of Duty - Modern Warfare 3 .FF Files\Call of Duty - Modern Warfare 3 Sound, VO & Music\.FF Files\foley\wpfoly_scar_reload_lift_v1.wav
scar_modular_rifleunload.ogg	Modern Warfare 3 unload	D:\Call of Duty - Modern Warfare 3 .FF Files\Call of Duty - Modern Warfare 3 Sound, VO & Music\.FF Files\foley\wpfoly_scar_reload_clipout_v1.wav
scar_modular_riflereloadend.ogg	Modern Warfare 3 reloadend	D:\Call of Duty - Modern Warfare 3 .FF Files\Call of Duty - Modern Warfare 3 Sound, VO & Music\.FF Files\foley\wpfoly_scar_reload_chamber_v1.wav
scar_modular_rifleempty.ogg	Modern Warfare 3 empty	D:\Call of Duty - Modern Warfare 3 .FF Files\Call of Duty - Modern Warfare 3 Sound, VO & Music\.FF Files\foley\wpfoly_scar_reload_chamber_v1.wav
dragunov_marksman_systemfire1.ogg	Modern Warfare 3 report	D:\Call of Duty - Modern Warfare 3 .FF Files\Call of Duty - Modern Warfare 3 Sound, VO & Music\.FF Files\weapons\dragunov\weap_dragunov_slmn_1.wav
dragunov_marksman_systemfire2.ogg	Modern Warfare 3 report	D:\Call of Duty - Modern Warfare 3 .FF Files\Call of Duty - Modern Warfare 3 Sound, VO & Music\.FF Files\weapons\dragunov\weap_dragunov_slst_1.wav
dragunov_marksman_systemfire3.ogg	Modern Warfare 3 report	D:\Call of Duty - Modern Warfare 3 .FF Files\Call of Duty - Modern Warfare 3 Sound, VO & Music\.FF Files\weapons\dragunov\weap_dragunovspecial_slmn_1.wav
dragunov_marksman_systemdist.ogg	Modern Warfare 3 distant report	D:\Call of Duty - Modern Warfare 3 .FF Files\Call of Duty - Modern Warfare 3 Sound, VO & Music\.FF Files\weapons\dragunov\weap_dragunovspecial_slmn_3c.wav
dragunov_marksman_systemreload.ogg	Modern Warfare 3 designed reload	D:\Call of Duty - Modern Warfare 3 .FF Files\Call of Duty - Modern Warfare 3 Sound, VO & Music\.FF Files\foley\wpfoly_dragunov_reload_clipout_v2.wav + D:\Call of Duty - Modern Warfare 3 .FF Files\Call of Duty - Modern Warfare 3 Sound, VO & Music\.FF Files\foley\wpfoly_dragunov_reload_chamber_v1.wav + D:\Call of Duty - Modern Warfare 3 .FF Files\Call of Duty - Modern Warfare 3 Sound, VO & Music\.FF Files\foley\wpfoly_dragunov_reload_chamber_v1.wav
dragunov_marksman_systemdraw.ogg	Modern Warfare 3 draw	D:\Call of Duty - Modern Warfare 3 .FF Files\Call of Duty - Modern Warfare 3 Sound, VO & Music\.FF Files\foley\wpfoly_dragunov_reload_lift_v1.wav
dragunov_marksman_systemholster.ogg	Modern Warfare 3 holster	D:\Call of Duty - Modern Warfare 3 .FF Files\Call of Duty - Modern Warfare 3 Sound, VO & Music\.FF Files\foley\wpfoly_dragunov_reload_lift_v1.wav
dragunov_marksman_systemunload.ogg	Modern Warfare 3 unload	D:\Call of Duty - Modern Warfare 3 .FF Files\Call of Duty - Modern Warfare 3 Sound, VO & Music\.FF Files\foley\wpfoly_dragunov_reload_clipout_v2.wav
dragunov_marksman_systemreloadend.ogg	Modern Warfare 3 reloadend	D:\Call of Duty - Modern Warfare 3 .FF Files\Call of Duty - Modern Warfare 3 Sound, VO & Music\.FF Files\foley\wpfoly_dragunov_reload_chamber_v1.wav
dragunov_marksman_systemempty.ogg	Modern Warfare 3 empty	D:\Call of Duty - Modern Warfare 3 .FF Files\Call of Duty - Modern Warfare 3 Sound, VO & Music\.FF Files\foley\wpfoly_dragunov_reload_chamber_v1.wav
fad_modular_riflefire1.ogg	Modern Warfare 3 report	D:\Call of Duty - Modern Warfare 3 .FF Files\Call of Duty - Modern Warfare 3 Sound, VO & Music\.FF Files\weapons\fad\weap_fad_slmn_1.wav
fad_modular_riflefire2.ogg	Modern Warfare 3 report	D:\Call of Duty - Modern Warfare 3 .FF Files\Call of Duty - Modern Warfare 3 Sound, VO & Music\.FF Files\weapons\fad\weap_fad_slst_1.wav
fad_modular_riflefire3.ogg	Modern Warfare 3 report	D:\Call of Duty - Modern Warfare 3 .FF Files\Call of Duty - Modern Warfare 3 Sound, VO & Music\.FF Files\weapons\fad\weap_fad_slmn_1.wav
fad_modular_rifledist.ogg	Modern Warfare 3 distant report	D:\Call of Duty - Modern Warfare 3 .FF Files\Call of Duty - Modern Warfare 3 Sound, VO & Music\.FF Files\weapons\fad\weap_fad_slst_1.wav
fad_modular_riflereload.ogg	Modern Warfare 3 designed reload	D:\Call of Duty - Modern Warfare 3 .FF Files\Call of Duty - Modern Warfare 3 Sound, VO & Music\.FF Files\foley\wpfoly_fad_reload_clipout_v1.wav + D:\Call of Duty - Modern Warfare 3 .FF Files\Call of Duty - Modern Warfare 3 Sound, VO & Music\.FF Files\foley\wpfoly_fad_reload_clipin_v1.wav + D:\Call of Duty - Modern Warfare 3 .FF Files\Call of Duty - Modern Warfare 3 Sound, VO & Music\.FF Files\foley\wpfoly_fad_reload_lift_v1.wav
fad_modular_rifledraw.ogg	Modern Warfare 3 draw	D:\Call of Duty - Modern Warfare 3 .FF Files\Call of Duty - Modern Warfare 3 Sound, VO & Music\.FF Files\foley\wpfoly_fad_reload_lift_v1.wav
fad_modular_rifleholster.ogg	Modern Warfare 3 holster	D:\Call of Duty - Modern Warfare 3 .FF Files\Call of Duty - Modern Warfare 3 Sound, VO & Music\.FF Files\foley\wpfoly_fad_reload_lift_v1.wav
fad_modular_rifleunload.ogg	Modern Warfare 3 unload	D:\Call of Duty - Modern Warfare 3 .FF Files\Call of Duty - Modern Warfare 3 Sound, VO & Music\.FF Files\foley\wpfoly_fad_reload_clipout_v1.wav
fad_modular_riflereloadend.ogg	Modern Warfare 3 reloadend	D:\Call of Duty - Modern Warfare 3 .FF Files\Call of Duty - Modern Warfare 3 Sound, VO & Music\.FF Files\foley\wpfoly_fad_reload_lift_v1.wav
fad_modular_rifleempty.ogg	Modern Warfare 3 empty	D:\Call of Duty - Modern Warfare 3 .FF Files\Call of Duty - Modern Warfare 3 Sound, VO & Music\.FF Files\foley\wpfoly_fad_reload_lift_v1.wav
fmg9_personal_defence_weaponfire1.ogg	Modern Warfare 3 report	D:\Call of Duty - Modern Warfare 3 .FF Files\Call of Duty - Modern Warfare 3 Sound, VO & Music\.FF Files\weapons\fmg9\weap_fmg9_slmn_1.wav
fmg9_personal_defence_weaponfire2.ogg	Modern Warfare 3 report	D:\Call of Duty - Modern Warfare 3 .FF Files\Call of Duty - Modern Warfare 3 Sound, VO & Music\.FF Files\weapons\fmg9\weap_fmg9_slst_1.wav
fmg9_personal_defence_weaponfire3.ogg	Modern Warfare 3 report	D:\Call of Duty - Modern Warfare 3 .FF Files\Call of Duty - Modern Warfare 3 Sound, VO & Music\.FF Files\weapons\fmg9\weap_fmg9_slmn_1.wav
fmg9_personal_defence_weapondist.ogg	Modern Warfare 3 distant report	D:\Call of Duty - Modern Warfare 3 .FF Files\Call of Duty - Modern Warfare 3 Sound, VO & Music\.FF Files\weapons\fmg9\weap_fmg9_slst_1.wav
fmg9_personal_defence_weaponreload.ogg	Modern Warfare 3 designed reload	D:\Call of Duty - Modern Warfare 3 .FF Files\Call of Duty - Modern Warfare 3 Sound, VO & Music\.FF Files\foley\wpfoly_m4_reload_clipout.wav + D:\Call of Duty - Modern Warfare 3 .FF Files\Call of Duty - Modern Warfare 3 Sound, VO & Music\.FF Files\foley\wpfoly_m4_reload_clipin.wav + D:\Call of Duty - Modern Warfare 3 .FF Files\Call of Duty - Modern Warfare 3 Sound, VO & Music\.FF Files\foley\wpfoly_m4reload_chamber_v10.wav
fmg9_personal_defence_weapondraw.ogg	Modern Warfare 3 draw	D:\Call of Duty - Modern Warfare 3 .FF Files\Call of Duty - Modern Warfare 3 Sound, VO & Music\.FF Files\foley\wpfoly_m4reload_lift_v10.wav
fmg9_personal_defence_weaponholster.ogg	Modern Warfare 3 holster	D:\Call of Duty - Modern Warfare 3 .FF Files\Call of Duty - Modern Warfare 3 Sound, VO & Music\.FF Files\foley\wpfoly_m4reload_lift_v10.wav
fmg9_personal_defence_weaponunload.ogg	Modern Warfare 3 unload	D:\Call of Duty - Modern Warfare 3 .FF Files\Call of Duty - Modern Warfare 3 Sound, VO & Music\.FF Files\foley\wpfoly_m4_reload_clipout.wav
fmg9_personal_defence_weaponreloadend.ogg	Modern Warfare 3 reloadend	D:\Call of Duty - Modern Warfare 3 .FF Files\Call of Duty - Modern Warfare 3 Sound, VO & Music\.FF Files\foley\wpfoly_m4reload_chamber_v10.wav
fmg9_personal_defence_weaponempty.ogg	Modern Warfare 3 empty	D:\Call of Duty - Modern Warfare 3 .FF Files\Call of Duty - Modern Warfare 3 Sound, VO & Music\.FF Files\foley\wpfoly_m4reload_chamber_v10.wav
fn57_tactical_pistolfire1.ogg	Modern Warfare 3 report	D:\Call of Duty - Modern Warfare 3 .FF Files\Call of Duty - Modern Warfare 3 Sound, VO & Music\.FF Files\weapons\fn57\weap_fn57_slmn_1.wav
fn57_tactical_pistolfire2.ogg	Modern Warfare 3 report	D:\Call of Duty - Modern Warfare 3 .FF Files\Call of Duty - Modern Warfare 3 Sound, VO & Music\.FF Files\weapons\fn57\weap_fn57_slst_1.wav
fn57_tactical_pistolfire3.ogg	Modern Warfare 3 report	D:\Call of Duty - Modern Warfare 3 .FF Files\Call of Duty - Modern Warfare 3 Sound, VO & Music\.FF Files\weapons\fn57\weap_fn57_slmn_1.wav
fn57_tactical_pistoldist.ogg	Modern Warfare 3 distant report	D:\Call of Duty - Modern Warfare 3 .FF Files\Call of Duty - Modern Warfare 3 Sound, VO & Music\.FF Files\weapons\fn57\weap_fn57_slst_1.wav
fn57_tactical_pistolreload.ogg	Modern Warfare 3 designed reload	D:\Call of Duty - Modern Warfare 3 .FF Files\Call of Duty - Modern Warfare 3 Sound, VO & Music\.FF Files\foley\wpfoly_fn57_reload_clipout_v1.wav + D:\Call of Duty - Modern Warfare 3 .FF Files\Call of Duty - Modern Warfare 3 Sound, VO & Music\.FF Files\foley\wpfoly_fn57_reload_chamber_v1.wav + D:\Call of Duty - Modern Warfare 3 .FF Files\Call of Duty - Modern Warfare 3 Sound, VO & Music\.FF Files\foley\wpfoly_fn57_reload_chamber_v1.wav
fn57_tactical_pistoldraw.ogg	Modern Warfare 3 draw	D:\Call of Duty - Modern Warfare 3 .FF Files\Call of Duty - Modern Warfare 3 Sound, VO & Music\.FF Files\foley\wpfoly_fn57_reload_lift_v1.wav
fn57_tactical_pistolholster.ogg	Modern Warfare 3 holster	D:\Call of Duty - Modern Warfare 3 .FF Files\Call of Duty - Modern Warfare 3 Sound, VO & Music\.FF Files\foley\wpfoly_fn57_reload_lift_v1.wav
fn57_tactical_pistolunload.ogg	Modern Warfare 3 unload	D:\Call of Duty - Modern Warfare 3 .FF Files\Call of Duty - Modern Warfare 3 Sound, VO & Music\.FF Files\foley\wpfoly_fn57_reload_clipout_v1.wav
fn57_tactical_pistolreloadend.ogg	Modern Warfare 3 reloadend	D:\Call of Duty - Modern Warfare 3 .FF Files\Call of Duty - Modern Warfare 3 Sound, VO & Music\.FF Files\foley\wpfoly_fn57_reload_chamber_v1.wav
fn57_tactical_pistolempty.ogg	Modern Warfare 3 empty	D:\Call of Duty - Modern Warfare 3 .FF Files\Call of Duty - Modern Warfare 3 Sound, VO & Music\.FF Files\foley\wpfoly_fn57_reload_chamber_v1.wav
g36_modular_riflefire1.ogg	Modern Warfare 3 report	D:\Call of Duty - Modern Warfare 3 .FF Files\Call of Duty - Modern Warfare 3 Sound, VO & Music\.FF Files\weapons\g36\weap_g36_slmn_1.wav
g36_modular_riflefire2.ogg	Modern Warfare 3 report	D:\Call of Duty - Modern Warfare 3 .FF Files\Call of Duty - Modern Warfare 3 Sound, VO & Music\.FF Files\weapons\g36\weap_g36_slst_1.wav
g36_modular_riflefire3.ogg	Modern Warfare 3 report	D:\Call of Duty - Modern Warfare 3 .FF Files\Call of Duty - Modern Warfare 3 Sound, VO & Music\.FF Files\weapons\g36\weap_g36_slmn_1.wav
g36_modular_rifledist.ogg	Modern Warfare 3 distant report	D:\Call of Duty - Modern Warfare 3 .FF Files\Call of Duty - Modern Warfare 3 Sound, VO & Music\.FF Files\weapons\g36\weap_g36_slst_1.wav
g36_modular_riflereload.ogg	Modern Warfare 3 designed reload	D:\Call of Duty - Modern Warfare 3 .FF Files\Call of Duty - Modern Warfare 3 Sound, VO & Music\.FF Files\foley\wpfoly_m4_reload_clipout.wav + D:\Call of Duty - Modern Warfare 3 .FF Files\Call of Duty - Modern Warfare 3 Sound, VO & Music\.FF Files\foley\wpfoly_m4_reload_clipin.wav + D:\Call of Duty - Modern Warfare 3 .FF Files\Call of Duty - Modern Warfare 3 Sound, VO & Music\.FF Files\foley\wpfoly_m4reload_chamber_v10.wav
g36_modular_rifledraw.ogg	Modern Warfare 3 draw	D:\Call of Duty - Modern Warfare 3 .FF Files\Call of Duty - Modern Warfare 3 Sound, VO & Music\.FF Files\foley\wpfoly_m4reload_lift_v10.wav
g36_modular_rifleholster.ogg	Modern Warfare 3 holster	D:\Call of Duty - Modern Warfare 3 .FF Files\Call of Duty - Modern Warfare 3 Sound, VO & Music\.FF Files\foley\wpfoly_m4reload_lift_v10.wav
g36_modular_rifleunload.ogg	Modern Warfare 3 unload	D:\Call of Duty - Modern Warfare 3 .FF Files\Call of Duty - Modern Warfare 3 Sound, VO & Music\.FF Files\foley\wpfoly_m4_reload_clipout.wav
g36_modular_riflereloadend.ogg	Modern Warfare 3 reloadend	D:\Call of Duty - Modern Warfare 3 .FF Files\Call of Duty - Modern Warfare 3 Sound, VO & Music\.FF Files\foley\wpfoly_m4reload_chamber_v10.wav
g36_modular_rifleempty.ogg	Modern Warfare 3 empty	D:\Call of Duty - Modern Warfare 3 .FF Files\Call of Duty - Modern Warfare 3 Sound, VO & Music\.FF Files\foley\wpfoly_m4reload_chamber_v10.wav
glock_tactical_pistolfire1.ogg	Modern Warfare 3 report	D:\Call of Duty - Modern Warfare 3 .FF Files\Call of Duty - Modern Warfare 3 Sound, VO & Music\.FF Files\weapons\glock\weap_glock_slmn_1d2.wav
glock_tactical_pistolfire2.ogg	Modern Warfare 3 report	D:\Call of Duty - Modern Warfare 3 .FF Files\Call of Duty - Modern Warfare 3 Sound, VO & Music\.FF Files\weapons\glock\weap_glock_slst_1d2.wav
glock_tactical_pistolfire3.ogg	Modern Warfare 3 report	D:\Call of Duty - Modern Warfare 3 .FF Files\Call of Duty - Modern Warfare 3 Sound, VO & Music\.FF Files\weapons\glock\weap_glock_slmn_1d2.wav
glock_tactical_pistoldist.ogg	Modern Warfare 3 distant report	D:\Call of Duty - Modern Warfare 3 .FF Files\Call of Duty - Modern Warfare 3 Sound, VO & Music\.FF Files\weapons\glock\weap_glock_slst_1d2.wav
glock_tactical_pistolreload.ogg	Modern Warfare 3 designed reload	D:\Call of Duty - Modern Warfare 3 .FF Files\Call of Duty - Modern Warfare 3 Sound, VO & Music\.FF Files\foley\wpfoly_glock_reload_clipout_v1.wav + D:\Call of Duty - Modern Warfare 3 .FF Files\Call of Duty - Modern Warfare 3 Sound, VO & Music\.FF Files\foley\wpfoly_glock_reload_chamber_v1.wav + D:\Call of Duty - Modern Warfare 3 .FF Files\Call of Duty - Modern Warfare 3 Sound, VO & Music\.FF Files\foley\wpfoly_glock_reload_chamber_v1.wav
glock_tactical_pistoldraw.ogg	Modern Warfare 3 draw	D:\Call of Duty - Modern Warfare 3 .FF Files\Call of Duty - Modern Warfare 3 Sound, VO & Music\.FF Files\foley\wpfoly_glock_reload_first_lift_v1.wav
glock_tactical_pistolholster.ogg	Modern Warfare 3 holster	D:\Call of Duty - Modern Warfare 3 .FF Files\Call of Duty - Modern Warfare 3 Sound, VO & Music\.FF Files\foley\wpfoly_glock_reload_first_lift_v1.wav
glock_tactical_pistolunload.ogg	Modern Warfare 3 unload	D:\Call of Duty - Modern Warfare 3 .FF Files\Call of Duty - Modern Warfare 3 Sound, VO & Music\.FF Files\foley\wpfoly_glock_reload_clipout_v1.wav
glock_tactical_pistolreloadend.ogg	Modern Warfare 3 reloadend	D:\Call of Duty - Modern Warfare 3 .FF Files\Call of Duty - Modern Warfare 3 Sound, VO & Music\.FF Files\foley\wpfoly_glock_reload_chamber_v1.wav
glock_tactical_pistolempty.ogg	Modern Warfare 3 empty	D:\Call of Duty - Modern Warfare 3 .FF Files\Call of Duty - Modern Warfare 3 Sound, VO & Music\.FF Files\foley\wpfoly_glock_reload_chamber_v1.wav
javelin_guided_launcherfire1.ogg	Modern Warfare 3 report	D:\Call of Duty - Modern Warfare 3 .FF Files\Call of Duty - Modern Warfare 3 Sound, VO & Music\.FF Files\weapons\javelin\move_05_proj_loop1_stereo.wav
javelin_guided_launcherfire2.ogg	Modern Warfare 3 report	D:\Call of Duty - Modern Warfare 3 .FF Files\Call of Duty - Modern Warfare 3 Sound, VO & Music\.FF Files\weapons\javelin\weap_javelin_fire_dist_v1.wav
javelin_guided_launcherfire3.ogg	Modern Warfare 3 report	D:\Call of Duty - Modern Warfare 3 .FF Files\Call of Duty - Modern Warfare 3 Sound, VO & Music\.FF Files\weapons\javelin\weap_javelin_fire_v1.wav
javelin_guided_launcherdist.ogg	Modern Warfare 3 distant report	D:\Call of Duty - Modern Warfare 3 .FF Files\Call of Duty - Modern Warfare 3 Sound, VO & Music\.FF Files\weapons\javelin\weap_rpg_loop_trail2_stereo.wav
javelin_guided_launcherreload.ogg	Modern Warfare 3 designed reload	D:\Call of Duty - Modern Warfare 3 .FF Files\Call of Duty - Modern Warfare 3 Sound, VO & Music\.FF Files\foley\wpfoly_javelin_reload_lift_v1.wav + D:\Call of Duty - Modern Warfare 3 .FF Files\Call of Duty - Modern Warfare 3 Sound, VO & Music\.FF Files\foley\wpfoly_javelin_reload_lift_v1.wav + D:\Call of Duty - Modern Warfare 3 .FF Files\Call of Duty - Modern Warfare 3 Sound, VO & Music\.FF Files\foley\wpfoly_javelin_reload_tube_v1.wav
javelin_guided_launcherdraw.ogg	Modern Warfare 3 draw	D:\Call of Duty - Modern Warfare 3 .FF Files\Call of Duty - Modern Warfare 3 Sound, VO & Music\.FF Files\foley\wpfoly_javelin_reload_lift_v1.wav
javelin_guided_launcherholster.ogg	Modern Warfare 3 holster	D:\Call of Duty - Modern Warfare 3 .FF Files\Call of Duty - Modern Warfare 3 Sound, VO & Music\.FF Files\foley\wpfoly_javelin_reload_lift_v1.wav
javelin_guided_launcherunload.ogg	Modern Warfare 3 unload	D:\Call of Duty - Modern Warfare 3 .FF Files\Call of Duty - Modern Warfare 3 Sound, VO & Music\.FF Files\foley\wpfoly_javelin_reload_lift_v1.wav
javelin_guided_launcherreloadend.ogg	Modern Warfare 3 reloadend	D:\Call of Duty - Modern Warfare 3 .FF Files\Call of Duty - Modern Warfare 3 Sound, VO & Music\.FF Files\foley\wpfoly_javelin_reload_tube_v1.wav
javelin_guided_launcherempty.ogg	Modern Warfare 3 empty	D:\Call of Duty - Modern Warfare 3 .FF Files\Call of Duty - Modern Warfare 3 Sound, VO & Music\.FF Files\foley\wpfoly_javelin_reload_tube_v1.wav
l96a1_marksman_systemfire1.ogg	Modern Warfare 3 report	D:\Call of Duty - Modern Warfare 3 .FF Files\Call of Duty - Modern Warfare 3 Sound, VO & Music\.FF Files\weapons\l96a1\weap_l96a1_slmn_1.wav
l96a1_marksman_systemfire2.ogg	Modern Warfare 3 report	D:\Call of Duty - Modern Warfare 3 .FF Files\Call of Duty - Modern Warfare 3 Sound, VO & Music\.FF Files\weapons\l96a1\weap_l96a1_slst_1.wav
l96a1_marksman_systemfire3.ogg	Modern Warfare 3 report	D:\Call of Duty - Modern Warfare 3 .FF Files\Call of Duty - Modern Warfare 3 Sound, VO & Music\.FF Files\weapons\l96a1\weap_l96a1_slmn_1.wav
l96a1_marksman_systemdist.ogg	Modern Warfare 3 distant report	D:\Call of Duty - Modern Warfare 3 .FF Files\Call of Duty - Modern Warfare 3 Sound, VO & Music\.FF Files\weapons\l96a1\weap_l96a1_slst_1.wav
l96a1_marksman_systemreload.ogg	Modern Warfare 3 designed reload	D:\Call of Duty - Modern Warfare 3 .FF Files\Call of Duty - Modern Warfare 3 Sound, VO & Music\.FF Files\foley\wpfoly_m4_reload_clipout.wav + D:\Call of Duty - Modern Warfare 3 .FF Files\Call of Duty - Modern Warfare 3 Sound, VO & Music\.FF Files\foley\wpfoly_m4_reload_clipin.wav + D:\Call of Duty - Modern Warfare 3 .FF Files\Call of Duty - Modern Warfare 3 Sound, VO & Music\.FF Files\foley\wpfoly_m4reload_chamber_v10.wav
l96a1_marksman_systemdraw.ogg	Modern Warfare 3 draw	D:\Call of Duty - Modern Warfare 3 .FF Files\Call of Duty - Modern Warfare 3 Sound, VO & Music\.FF Files\foley\wpfoly_m4reload_lift_v10.wav
l96a1_marksman_systemholster.ogg	Modern Warfare 3 holster	D:\Call of Duty - Modern Warfare 3 .FF Files\Call of Duty - Modern Warfare 3 Sound, VO & Music\.FF Files\foley\wpfoly_m4reload_lift_v10.wav
l96a1_marksman_systemunload.ogg	Modern Warfare 3 unload	D:\Call of Duty - Modern Warfare 3 .FF Files\Call of Duty - Modern Warfare 3 Sound, VO & Music\.FF Files\foley\wpfoly_m4_reload_clipout.wav
l96a1_marksman_systemreloadend.ogg	Modern Warfare 3 reloadend	D:\Call of Duty - Modern Warfare 3 .FF Files\Call of Duty - Modern Warfare 3 Sound, VO & Music\.FF Files\foley\wpfoly_m4reload_chamber_v10.wav
l96a1_marksman_systemempty.ogg	Modern Warfare 3 empty	D:\Call of Duty - Modern Warfare 3 .FF Files\Call of Duty - Modern Warfare 3 Sound, VO & Music\.FF Files\foley\wpfoly_m4reload_chamber_v10.wav
m14_modular_riflefire1.ogg	Modern Warfare 3 report	D:\Call of Duty - Modern Warfare 3 .FF Files\Call of Duty - Modern Warfare 3 Sound, VO & Music\.FF Files\weapons\m14\weap_m14_slmn_5.wav
m14_modular_riflefire2.ogg	Modern Warfare 3 report	D:\Call of Duty - Modern Warfare 3 .FF Files\Call of Duty - Modern Warfare 3 Sound, VO & Music\.FF Files\weapons\m14\weap_m14_slst_5.wav
m14_modular_riflefire3.ogg	Modern Warfare 3 report	D:\Call of Duty - Modern Warfare 3 .FF Files\Call of Duty - Modern Warfare 3 Sound, VO & Music\.FF Files\weapons\m14\weap_m14_slmn_5.wav
m14_modular_rifledist.ogg	Modern Warfare 3 distant report	D:\Call of Duty - Modern Warfare 3 .FF Files\Call of Duty - Modern Warfare 3 Sound, VO & Music\.FF Files\weapons\m14\weap_m14_slst_5.wav
m14_modular_riflereload.ogg	Modern Warfare 3 designed reload	D:\Call of Duty - Modern Warfare 3 .FF Files\Call of Duty - Modern Warfare 3 Sound, VO & Music\.FF Files\foley\wpfoly_m4_reload_clipout.wav + D:\Call of Duty - Modern Warfare 3 .FF Files\Call of Duty - Modern Warfare 3 Sound, VO & Music\.FF Files\foley\wpfoly_m4_reload_clipin.wav + D:\Call of Duty - Modern Warfare 3 .FF Files\Call of Duty - Modern Warfare 3 Sound, VO & Music\.FF Files\foley\wpfoly_m4reload_chamber_v10.wav
m14_modular_rifledraw.ogg	Modern Warfare 3 draw	D:\Call of Duty - Modern Warfare 3 .FF Files\Call of Duty - Modern Warfare 3 Sound, VO & Music\.FF Files\foley\wpfoly_m4reload_lift_v10.wav
m14_modular_rifleholster.ogg	Modern Warfare 3 holster	D:\Call of Duty - Modern Warfare 3 .FF Files\Call of Duty - Modern Warfare 3 Sound, VO & Music\.FF Files\foley\wpfoly_m4reload_lift_v10.wav
m14_modular_rifleunload.ogg	Modern Warfare 3 unload	D:\Call of Duty - Modern Warfare 3 .FF Files\Call of Duty - Modern Warfare 3 Sound, VO & Music\.FF Files\foley\wpfoly_m4_reload_clipout.wav
m14_modular_riflereloadend.ogg	Modern Warfare 3 reloadend	D:\Call of Duty - Modern Warfare 3 .FF Files\Call of Duty - Modern Warfare 3 Sound, VO & Music\.FF Files\foley\wpfoly_m4reload_chamber_v10.wav
m14_modular_rifleempty.ogg	Modern Warfare 3 empty	D:\Call of Duty - Modern Warfare 3 .FF Files\Call of Duty - Modern Warfare 3 Sound, VO & Music\.FF Files\foley\wpfoly_m4reload_chamber_v10.wav
m16_modular_riflefire1.ogg	Modern Warfare 3 report	D:\Call of Duty - Modern Warfare 3 .FF Files\Call of Duty - Modern Warfare 3 Sound, VO & Music\.FF Files\weapons\m16\weap_m16_slst_1.wav
m16_modular_riflefire2.ogg	Modern Warfare 3 report	D:\Call of Duty - Modern Warfare 3 .FF Files\Call of Duty - Modern Warfare 3 Sound, VO & Music\.FF Files\weapons\m16\weap_m16_slst_1.wav
m16_modular_riflefire3.ogg	Modern Warfare 3 report	D:\Call of Duty - Modern Warfare 3 .FF Files\Call of Duty - Modern Warfare 3 Sound, VO & Music\.FF Files\weapons\m16\weap_m16_slst_1.wav
m16_modular_rifledist.ogg	Modern Warfare 3 distant report	D:\Call of Duty - Modern Warfare 3 .FF Files\Call of Duty - Modern Warfare 3 Sound, VO & Music\.FF Files\weapons\m16\weap_m16_slst_1.wav
m16_modular_riflereload.ogg	Modern Warfare 3 designed reload	D:\Call of Duty - Modern Warfare 3 .FF Files\Call of Duty - Modern Warfare 3 Sound, VO & Music\.FF Files\foley\wpfoly_m4_reload_clipout.wav + D:\Call of Duty - Modern Warfare 3 .FF Files\Call of Duty - Modern Warfare 3 Sound, VO & Music\.FF Files\foley\wpfoly_m4_reload_clipin.wav + D:\Call of Duty - Modern Warfare 3 .FF Files\Call of Duty - Modern Warfare 3 Sound, VO & Music\.FF Files\foley\wpfoly_m4reload_chamber_v10.wav
m16_modular_rifledraw.ogg	Modern Warfare 3 draw	D:\Call of Duty - Modern Warfare 3 .FF Files\Call of Duty - Modern Warfare 3 Sound, VO & Music\.FF Files\foley\wpfoly_m4reload_lift_v10.wav
m16_modular_rifleholster.ogg	Modern Warfare 3 holster	D:\Call of Duty - Modern Warfare 3 .FF Files\Call of Duty - Modern Warfare 3 Sound, VO & Music\.FF Files\foley\wpfoly_m4reload_lift_v10.wav
m16_modular_rifleunload.ogg	Modern Warfare 3 unload	D:\Call of Duty - Modern Warfare 3 .FF Files\Call of Duty - Modern Warfare 3 Sound, VO & Music\.FF Files\foley\wpfoly_m4_reload_clipout.wav
m16_modular_riflereloadend.ogg	Modern Warfare 3 reloadend	D:\Call of Duty - Modern Warfare 3 .FF Files\Call of Duty - Modern Warfare 3 Sound, VO & Music\.FF Files\foley\wpfoly_m4reload_chamber_v10.wav
m16_modular_rifleempty.ogg	Modern Warfare 3 empty	D:\Call of Duty - Modern Warfare 3 .FF Files\Call of Duty - Modern Warfare 3 Sound, VO & Music\.FF Files\foley\wpfoly_m4reload_chamber_v10.wav
m240_squad_automaticfire1.ogg	Modern Warfare 3 report	D:\Call of Duty - Modern Warfare 3 .FF Files\Call of Duty - Modern Warfare 3 Sound, VO & Music\.FF Files\weapons\m240\weap_m240_slmn_1e5.wav
m240_squad_automaticfire2.ogg	Modern Warfare 3 report	D:\Call of Duty - Modern Warfare 3 .FF Files\Call of Duty - Modern Warfare 3 Sound, VO & Music\.FF Files\weapons\m240\weap_m240_slst_1e5.wav
m240_squad_automaticfire3.ogg	Modern Warfare 3 report	D:\Call of Duty - Modern Warfare 3 .FF Files\Call of Duty - Modern Warfare 3 Sound, VO & Music\.FF Files\weapons\m240\wpnfire_lmg_silenced_npc.wav
m240_squad_automaticdist.ogg	Modern Warfare 3 distant report	D:\Call of Duty - Modern Warfare 3 .FF Files\Call of Duty - Modern Warfare 3 Sound, VO & Music\.FF Files\weapons\m240\wpnfire_lmg_silenced_plyr.wav
m240_squad_automaticreload.ogg	Modern Warfare 3 designed reload	D:\Call of Duty - Modern Warfare 3 .FF Files\Call of Duty - Modern Warfare 3 Sound, VO & Music\.FF Files\foley\wpfoly_m4_reload_clipout.wav + D:\Call of Duty - Modern Warfare 3 .FF Files\Call of Duty - Modern Warfare 3 Sound, VO & Music\.FF Files\foley\wpfoly_m4_reload_clipin.wav + D:\Call of Duty - Modern Warfare 3 .FF Files\Call of Duty - Modern Warfare 3 Sound, VO & Music\.FF Files\foley\wpfoly_m4reload_chamber_v10.wav
m240_squad_automaticdraw.ogg	Modern Warfare 3 draw	D:\Call of Duty - Modern Warfare 3 .FF Files\Call of Duty - Modern Warfare 3 Sound, VO & Music\.FF Files\foley\wpfoly_m4reload_lift_v10.wav
m240_squad_automaticholster.ogg	Modern Warfare 3 holster	D:\Call of Duty - Modern Warfare 3 .FF Files\Call of Duty - Modern Warfare 3 Sound, VO & Music\.FF Files\foley\wpfoly_m4reload_lift_v10.wav
m240_squad_automaticunload.ogg	Modern Warfare 3 unload	D:\Call of Duty - Modern Warfare 3 .FF Files\Call of Duty - Modern Warfare 3 Sound, VO & Music\.FF Files\foley\wpfoly_m4_reload_clipout.wav
m240_squad_automaticreloadend.ogg	Modern Warfare 3 reloadend	D:\Call of Duty - Modern Warfare 3 .FF Files\Call of Duty - Modern Warfare 3 Sound, VO & Music\.FF Files\foley\wpfoly_m4reload_chamber_v10.wav
m240_squad_automaticempty.ogg	Modern Warfare 3 empty	D:\Call of Duty - Modern Warfare 3 .FF Files\Call of Duty - Modern Warfare 3 Sound, VO & Music\.FF Files\foley\wpfoly_m4reload_chamber_v10.wav
m249_squad_automaticfire1.ogg	Modern Warfare 3 report	D:\Call of Duty - Modern Warfare 3 .FF Files\Call of Duty - Modern Warfare 3 Sound, VO & Music\.FF Files\weapons\m249\weap_m249_mono5.wav
m249_squad_automaticfire2.ogg	Modern Warfare 3 report	D:\Call of Duty - Modern Warfare 3 .FF Files\Call of Duty - Modern Warfare 3 Sound, VO & Music\.FF Files\weapons\m249\weap_m249_slst_1.wav
m249_squad_automaticfire3.ogg	Modern Warfare 3 report	D:\Call of Duty - Modern Warfare 3 .FF Files\Call of Duty - Modern Warfare 3 Sound, VO & Music\.FF Files\weapons\m249\weap_m249_mono5.wav
m249_squad_automaticdist.ogg	Modern Warfare 3 distant report	D:\Call of Duty - Modern Warfare 3 .FF Files\Call of Duty - Modern Warfare 3 Sound, VO & Music\.FF Files\weapons\m249\weap_m249_slst_1.wav
m249_squad_automaticreload.ogg	Modern Warfare 3 designed reload	D:\Call of Duty - Modern Warfare 3 .FF Files\Call of Duty - Modern Warfare 3 Sound, VO & Music\.FF Files\foley\wpfoly_m4_reload_clipout.wav + D:\Call of Duty - Modern Warfare 3 .FF Files\Call of Duty - Modern Warfare 3 Sound, VO & Music\.FF Files\foley\wpfoly_m4_reload_clipin.wav + D:\Call of Duty - Modern Warfare 3 .FF Files\Call of Duty - Modern Warfare 3 Sound, VO & Music\.FF Files\foley\wpfoly_m4reload_chamber_v10.wav
m249_squad_automaticdraw.ogg	Modern Warfare 3 draw	D:\Call of Duty - Modern Warfare 3 .FF Files\Call of Duty - Modern Warfare 3 Sound, VO & Music\.FF Files\foley\wpfoly_m4reload_lift_v10.wav
m249_squad_automaticholster.ogg	Modern Warfare 3 holster	D:\Call of Duty - Modern Warfare 3 .FF Files\Call of Duty - Modern Warfare 3 Sound, VO & Music\.FF Files\foley\wpfoly_m4reload_lift_v10.wav
m249_squad_automaticunload.ogg	Modern Warfare 3 unload	D:\Call of Duty - Modern Warfare 3 .FF Files\Call of Duty - Modern Warfare 3 Sound, VO & Music\.FF Files\foley\wpfoly_m4_reload_clipout.wav
m249_squad_automaticreloadend.ogg	Modern Warfare 3 reloadend	D:\Call of Duty - Modern Warfare 3 .FF Files\Call of Duty - Modern Warfare 3 Sound, VO & Music\.FF Files\foley\wpfoly_m4reload_chamber_v10.wav
m249_squad_automaticempty.ogg	Modern Warfare 3 empty	D:\Call of Duty - Modern Warfare 3 .FF Files\Call of Duty - Modern Warfare 3 Sound, VO & Music\.FF Files\foley\wpfoly_m4reload_chamber_v10.wav
m4_modular_riflefire1.ogg	Modern Warfare 3 report	D:\Call of Duty - Modern Warfare 3 .FF Files\Call of Duty - Modern Warfare 3 Sound, VO & Music\.FF Files\weapons\m4\weap_m4_reload_empty.wav
m4_modular_riflefire2.ogg	Modern Warfare 3 report	D:\Call of Duty - Modern Warfare 3 .FF Files\Call of Duty - Modern Warfare 3 Sound, VO & Music\.FF Files\weapons\m4\weap_m4_silencer_slmn_2b.wav
m4_modular_riflefire3.ogg	Modern Warfare 3 report	D:\Call of Duty - Modern Warfare 3 .FF Files\Call of Duty - Modern Warfare 3 Sound, VO & Music\.FF Files\weapons\m4\weap_m4_slmn_10.wav
m4_modular_rifledist.ogg	Modern Warfare 3 distant report	D:\Call of Duty - Modern Warfare 3 .FF Files\Call of Duty - Modern Warfare 3 Sound, VO & Music\.FF Files\weapons\m4\weap_m4_slst_65d.wav
m4_modular_riflereload.ogg	Modern Warfare 3 designed reload	D:\Call of Duty - Modern Warfare 3 .FF Files\Call of Duty - Modern Warfare 3 Sound, VO & Music\.FF Files\foley\wpfoly_m4_reload_clipout.wav + D:\Call of Duty - Modern Warfare 3 .FF Files\Call of Duty - Modern Warfare 3 Sound, VO & Music\.FF Files\foley\wpfoly_m4_reload_clipin.wav + D:\Call of Duty - Modern Warfare 3 .FF Files\Call of Duty - Modern Warfare 3 Sound, VO & Music\.FF Files\foley\wpfoly_m4_reload_clipout.wav
m4_modular_rifledraw.ogg	Modern Warfare 3 draw	D:\Call of Duty - Modern Warfare 3 .FF Files\Call of Duty - Modern Warfare 3 Sound, VO & Music\.FF Files\foley\wpfoly_m4_reload_clipin.wav
m4_modular_rifleholster.ogg	Modern Warfare 3 holster	D:\Call of Duty - Modern Warfare 3 .FF Files\Call of Duty - Modern Warfare 3 Sound, VO & Music\.FF Files\foley\wpfoly_m4_reload_clipin.wav
m4_modular_rifleunload.ogg	Modern Warfare 3 unload	D:\Call of Duty - Modern Warfare 3 .FF Files\Call of Duty - Modern Warfare 3 Sound, VO & Music\.FF Files\foley\wpfoly_m4_reload_clipout.wav
m4_modular_riflereloadend.ogg	Modern Warfare 3 reloadend	D:\Call of Duty - Modern Warfare 3 .FF Files\Call of Duty - Modern Warfare 3 Sound, VO & Music\.FF Files\foley\wpfoly_m4_reload_clipout.wav
m4_modular_rifleempty.ogg	Modern Warfare 3 empty	D:\Call of Duty - Modern Warfare 3 .FF Files\Call of Duty - Modern Warfare 3 Sound, VO & Music\.FF Files\foley\wpfoly_m4_reload_clipout.wav
m60_squad_automaticfire1.ogg	Modern Warfare 3 report	D:\Call of Duty - Modern Warfare 3 .FF Files\Call of Duty - Modern Warfare 3 Sound, VO & Music\.FF Files\weapons\m60\weap_m60_sl_1.wav
m60_squad_automaticfire2.ogg	Modern Warfare 3 report	D:\Call of Duty - Modern Warfare 3 .FF Files\Call of Duty - Modern Warfare 3 Sound, VO & Music\.FF Files\weapons\m60\weap_m60_slst_1.wav
m60_squad_automaticfire3.ogg	Modern Warfare 3 report	D:\Call of Duty - Modern Warfare 3 .FF Files\Call of Duty - Modern Warfare 3 Sound, VO & Music\.FF Files\weapons\m60\weap_m60_sl_1.wav
m60_squad_automaticdist.ogg	Modern Warfare 3 distant report	D:\Call of Duty - Modern Warfare 3 .FF Files\Call of Duty - Modern Warfare 3 Sound, VO & Music\.FF Files\weapons\m60\weap_m60_slst_1.wav
m60_squad_automaticreload.ogg	Modern Warfare 3 designed reload	D:\Call of Duty - Modern Warfare 3 .FF Files\Call of Duty - Modern Warfare 3 Sound, VO & Music\.FF Files\foley\wpfoly_m60_reload_clipout_v1.wav + D:\Call of Duty - Modern Warfare 3 .FF Files\Call of Duty - Modern Warfare 3 Sound, VO & Music\.FF Files\foley\wpfoly_m60_reload_chamber_v1.wav + D:\Call of Duty - Modern Warfare 3 .FF Files\Call of Duty - Modern Warfare 3 Sound, VO & Music\.FF Files\foley\wpfoly_m60_reload_chamber_v1.wav
m60_squad_automaticdraw.ogg	Modern Warfare 3 draw	D:\Call of Duty - Modern Warfare 3 .FF Files\Call of Duty - Modern Warfare 3 Sound, VO & Music\.FF Files\foley\wpfoly_m60_reload_lift_v1.wav
m60_squad_automaticholster.ogg	Modern Warfare 3 holster	D:\Call of Duty - Modern Warfare 3 .FF Files\Call of Duty - Modern Warfare 3 Sound, VO & Music\.FF Files\foley\wpfoly_m60_reload_lift_v1.wav
m60_squad_automaticunload.ogg	Modern Warfare 3 unload	D:\Call of Duty - Modern Warfare 3 .FF Files\Call of Duty - Modern Warfare 3 Sound, VO & Music\.FF Files\foley\wpfoly_m60_reload_clipout_v1.wav
m60_squad_automaticreloadend.ogg	Modern Warfare 3 reloadend	D:\Call of Duty - Modern Warfare 3 .FF Files\Call of Duty - Modern Warfare 3 Sound, VO & Music\.FF Files\foley\wpfoly_m60_reload_chamber_v1.wav
m60_squad_automaticempty.ogg	Modern Warfare 3 empty	D:\Call of Duty - Modern Warfare 3 .FF Files\Call of Duty - Modern Warfare 3 Sound, VO & Music\.FF Files\foley\wpfoly_m60_reload_chamber_v1.wav
m79_guided_launcherfire1.ogg	Modern Warfare 3 report	D:\Call of Duty - Modern Warfare 3 .FF Files\Call of Duty - Modern Warfare 3 Sound, VO & Music\.FF Files\weapons\m79\weap_m79_sl_2d.wav
m79_guided_launcherfire2.ogg	Modern Warfare 3 report	D:\Call of Duty - Modern Warfare 3 .FF Files\Call of Duty - Modern Warfare 3 Sound, VO & Music\.FF Files\weapons\m79\weap_m79_sl_2d.wav
m79_guided_launcherfire3.ogg	Modern Warfare 3 report	D:\Call of Duty - Modern Warfare 3 .FF Files\Call of Duty - Modern Warfare 3 Sound, VO & Music\.FF Files\weapons\m79\weap_m79_sl_2d.wav
m79_guided_launcherdist.ogg	Modern Warfare 3 distant report	D:\Call of Duty - Modern Warfare 3 .FF Files\Call of Duty - Modern Warfare 3 Sound, VO & Music\.FF Files\weapons\m79\weap_m79_sl_2d.wav
m79_guided_launcherreload.ogg	Modern Warfare 3 designed reload	D:\Call of Duty - Modern Warfare 3 .FF Files\Call of Duty - Modern Warfare 3 Sound, VO & Music\.FF Files\foley\wpfoly_m4_reload_clipout.wav + D:\Call of Duty - Modern Warfare 3 .FF Files\Call of Duty - Modern Warfare 3 Sound, VO & Music\.FF Files\foley\wpfoly_m4_reload_clipin.wav + D:\Call of Duty - Modern Warfare 3 .FF Files\Call of Duty - Modern Warfare 3 Sound, VO & Music\.FF Files\foley\wpfoly_m4reload_chamber_v10.wav
m79_guided_launcherdraw.ogg	Modern Warfare 3 draw	D:\Call of Duty - Modern Warfare 3 .FF Files\Call of Duty - Modern Warfare 3 Sound, VO & Music\.FF Files\foley\wpfoly_m4reload_lift_v10.wav
m79_guided_launcherholster.ogg	Modern Warfare 3 holster	D:\Call of Duty - Modern Warfare 3 .FF Files\Call of Duty - Modern Warfare 3 Sound, VO & Music\.FF Files\foley\wpfoly_m4reload_lift_v10.wav
m79_guided_launcherunload.ogg	Modern Warfare 3 unload	D:\Call of Duty - Modern Warfare 3 .FF Files\Call of Duty - Modern Warfare 3 Sound, VO & Music\.FF Files\foley\wpfoly_m4_reload_clipout.wav
m79_guided_launcherreloadend.ogg	Modern Warfare 3 reloadend	D:\Call of Duty - Modern Warfare 3 .FF Files\Call of Duty - Modern Warfare 3 Sound, VO & Music\.FF Files\foley\wpfoly_m4reload_chamber_v10.wav
m79_guided_launcherempty.ogg	Modern Warfare 3 empty	D:\Call of Duty - Modern Warfare 3 .FF Files\Call of Duty - Modern Warfare 3 Sound, VO & Music\.FF Files\foley\wpfoly_m4reload_chamber_v10.wav
magpul_modular_riflefire1.ogg	Modern Warfare 3 report	D:\Call of Duty - Modern Warfare 3 .FF Files\Call of Duty - Modern Warfare 3 Sound, VO & Music\.FF Files\weapons\magpul\weap_magpul_slmn_4b.wav
magpul_modular_riflefire2.ogg	Modern Warfare 3 report	D:\Call of Duty - Modern Warfare 3 .FF Files\Call of Duty - Modern Warfare 3 Sound, VO & Music\.FF Files\weapons\magpul\weap_magpul_slst_4b.wav
magpul_modular_riflefire3.ogg	Modern Warfare 3 report	D:\Call of Duty - Modern Warfare 3 .FF Files\Call of Duty - Modern Warfare 3 Sound, VO & Music\.FF Files\weapons\magpul\weap_magpulsilenced_slmn_3d3.wav
magpul_modular_rifledist.ogg	Modern Warfare 3 distant report	D:\Call of Duty - Modern Warfare 3 .FF Files\Call of Duty - Modern Warfare 3 Sound, VO & Music\.FF Files\weapons\magpul\weap_magpulsilenced_slst_3d3.wav
magpul_modular_riflereload.ogg	Modern Warfare 3 designed reload	D:\Call of Duty - Modern Warfare 3 .FF Files\Call of Duty - Modern Warfare 3 Sound, VO & Music\.FF Files\foley\wpfoly_m4_reload_clipout.wav + D:\Call of Duty - Modern Warfare 3 .FF Files\Call of Duty - Modern Warfare 3 Sound, VO & Music\.FF Files\foley\wpfoly_m4_reload_clipin.wav + D:\Call of Duty - Modern Warfare 3 .FF Files\Call of Duty - Modern Warfare 3 Sound, VO & Music\.FF Files\foley\wpfoly_m4_reload_clipout.wav
magpul_modular_rifledraw.ogg	Modern Warfare 3 draw	D:\Call of Duty - Modern Warfare 3 .FF Files\Call of Duty - Modern Warfare 3 Sound, VO & Music\.FF Files\foley\wpfoly_m4_reload_clipin.wav
magpul_modular_rifleholster.ogg	Modern Warfare 3 holster	D:\Call of Duty - Modern Warfare 3 .FF Files\Call of Duty - Modern Warfare 3 Sound, VO & Music\.FF Files\foley\wpfoly_m4_reload_clipin.wav
magpul_modular_rifleunload.ogg	Modern Warfare 3 unload	D:\Call of Duty - Modern Warfare 3 .FF Files\Call of Duty - Modern Warfare 3 Sound, VO & Music\.FF Files\foley\wpfoly_m4_reload_clipout.wav
magpul_modular_riflereloadend.ogg	Modern Warfare 3 reloadend	D:\Call of Duty - Modern Warfare 3 .FF Files\Call of Duty - Modern Warfare 3 Sound, VO & Music\.FF Files\foley\wpfoly_m4_reload_clipout.wav
magpul_modular_rifleempty.ogg	Modern Warfare 3 empty	D:\Call of Duty - Modern Warfare 3 .FF Files\Call of Duty - Modern Warfare 3 Sound, VO & Music\.FF Files\foley\wpfoly_m4_reload_clipout.wav
minebea_personal_defence_weaponfire1.ogg	Modern Warfare 3 report	D:\Call of Duty - Modern Warfare 3 .FF Files\Call of Duty - Modern Warfare 3 Sound, VO & Music\.FF Files\weapons\minebea\weap_minebea_slmn_1.wav
minebea_personal_defence_weaponfire2.ogg	Modern Warfare 3 report	D:\Call of Duty - Modern Warfare 3 .FF Files\Call of Duty - Modern Warfare 3 Sound, VO & Music\.FF Files\weapons\minebea\weap_minebea_slst_1.wav
minebea_personal_defence_weaponfire3.ogg	Modern Warfare 3 report	D:\Call of Duty - Modern Warfare 3 .FF Files\Call of Duty - Modern Warfare 3 Sound, VO & Music\.FF Files\weapons\minebea\weap_minebea_slmn_1.wav
minebea_personal_defence_weapondist.ogg	Modern Warfare 3 distant report	D:\Call of Duty - Modern Warfare 3 .FF Files\Call of Duty - Modern Warfare 3 Sound, VO & Music\.FF Files\weapons\minebea\weap_minebea_slst_1.wav
minebea_personal_defence_weaponreload.ogg	Modern Warfare 3 designed reload	D:\Call of Duty - Modern Warfare 3 .FF Files\Call of Duty - Modern Warfare 3 Sound, VO & Music\.FF Files\foley\wpfoly_m4_reload_clipout.wav + D:\Call of Duty - Modern Warfare 3 .FF Files\Call of Duty - Modern Warfare 3 Sound, VO & Music\.FF Files\foley\wpfoly_m4_reload_clipin.wav + D:\Call of Duty - Modern Warfare 3 .FF Files\Call of Duty - Modern Warfare 3 Sound, VO & Music\.FF Files\foley\wpfoly_m4reload_chamber_v10.wav
minebea_personal_defence_weapondraw.ogg	Modern Warfare 3 draw	D:\Call of Duty - Modern Warfare 3 .FF Files\Call of Duty - Modern Warfare 3 Sound, VO & Music\.FF Files\foley\wpfoly_m4reload_lift_v10.wav
minebea_personal_defence_weaponholster.ogg	Modern Warfare 3 holster	D:\Call of Duty - Modern Warfare 3 .FF Files\Call of Duty - Modern Warfare 3 Sound, VO & Music\.FF Files\foley\wpfoly_m4reload_lift_v10.wav
minebea_personal_defence_weaponunload.ogg	Modern Warfare 3 unload	D:\Call of Duty - Modern Warfare 3 .FF Files\Call of Duty - Modern Warfare 3 Sound, VO & Music\.FF Files\foley\wpfoly_m4_reload_clipout.wav
minebea_personal_defence_weaponreloadend.ogg	Modern Warfare 3 reloadend	D:\Call of Duty - Modern Warfare 3 .FF Files\Call of Duty - Modern Warfare 3 Sound, VO & Music\.FF Files\foley\wpfoly_m4reload_chamber_v10.wav
minebea_personal_defence_weaponempty.ogg	Modern Warfare 3 empty	D:\Call of Duty - Modern Warfare 3 .FF Files\Call of Duty - Modern Warfare 3 Sound, VO & Music\.FF Files\foley\wpfoly_m4reload_chamber_v10.wav
miniuzi_personal_defence_weaponfire1.ogg	Modern Warfare 3 report	D:\Call of Duty - Modern Warfare 3 .FF Files\Call of Duty - Modern Warfare 3 Sound, VO & Music\.FF Files\weapons\miniuzi\weap_miniuzi_slmn_9.wav
miniuzi_personal_defence_weaponfire2.ogg	Modern Warfare 3 report	D:\Call of Duty - Modern Warfare 3 .FF Files\Call of Duty - Modern Warfare 3 Sound, VO & Music\.FF Files\weapons\miniuzi\weap_miniuzi_slst_9.wav
miniuzi_personal_defence_weaponfire3.ogg	Modern Warfare 3 report	D:\Call of Duty - Modern Warfare 3 .FF Files\Call of Duty - Modern Warfare 3 Sound, VO & Music\.FF Files\weapons\miniuzi\weap_miniuzi_slmn_9.wav
miniuzi_personal_defence_weapondist.ogg	Modern Warfare 3 distant report	D:\Call of Duty - Modern Warfare 3 .FF Files\Call of Duty - Modern Warfare 3 Sound, VO & Music\.FF Files\weapons\miniuzi\weap_miniuzi_slst_9.wav
miniuzi_personal_defence_weaponreload.ogg	Modern Warfare 3 designed reload	D:\Call of Duty - Modern Warfare 3 .FF Files\Call of Duty - Modern Warfare 3 Sound, VO & Music\.FF Files\foley\wpfoly_miniuzi_reload_clipout_v2.wav + D:\Call of Duty - Modern Warfare 3 .FF Files\Call of Duty - Modern Warfare 3 Sound, VO & Music\.FF Files\foley\wpfoly_miniuzi_reload_chamber_v1.wav + D:\Call of Duty - Modern Warfare 3 .FF Files\Call of Duty - Modern Warfare 3 Sound, VO & Music\.FF Files\foley\wpfoly_miniuzi_reload_chamber_v1.wav
miniuzi_personal_defence_weapondraw.ogg	Modern Warfare 3 draw	D:\Call of Duty - Modern Warfare 3 .FF Files\Call of Duty - Modern Warfare 3 Sound, VO & Music\.FF Files\foley\wpfoly_miniuzi_reload_lift_v1.wav
miniuzi_personal_defence_weaponholster.ogg	Modern Warfare 3 holster	D:\Call of Duty - Modern Warfare 3 .FF Files\Call of Duty - Modern Warfare 3 Sound, VO & Music\.FF Files\foley\wpfoly_miniuzi_reload_lift_v1.wav
miniuzi_personal_defence_weaponunload.ogg	Modern Warfare 3 unload	D:\Call of Duty - Modern Warfare 3 .FF Files\Call of Duty - Modern Warfare 3 Sound, VO & Music\.FF Files\foley\wpfoly_miniuzi_reload_clipout_v2.wav
miniuzi_personal_defence_weaponreloadend.ogg	Modern Warfare 3 reloadend	D:\Call of Duty - Modern Warfare 3 .FF Files\Call of Duty - Modern Warfare 3 Sound, VO & Music\.FF Files\foley\wpfoly_miniuzi_reload_chamber_v1.wav
miniuzi_personal_defence_weaponempty.ogg	Modern Warfare 3 empty	D:\Call of Duty - Modern Warfare 3 .FF Files\Call of Duty - Modern Warfare 3 Sound, VO & Music\.FF Files\foley\wpfoly_miniuzi_reload_chamber_v1.wav
mk12spr_marksman_systemfire1.ogg	Modern Warfare 3 report	D:\Call of Duty - Modern Warfare 3 .FF Files\Call of Duty - Modern Warfare 3 Sound, VO & Music\.FF Files\weapons\mk12spr\weap_mk12spr_slmn_1.wav
mk12spr_marksman_systemfire2.ogg	Modern Warfare 3 report	D:\Call of Duty - Modern Warfare 3 .FF Files\Call of Duty - Modern Warfare 3 Sound, VO & Music\.FF Files\weapons\mk12spr\weap_mk12spr_slst_1.wav
mk12spr_marksman_systemfire3.ogg	Modern Warfare 3 report	D:\Call of Duty - Modern Warfare 3 .FF Files\Call of Duty - Modern Warfare 3 Sound, VO & Music\.FF Files\weapons\mk12spr\weap_mk12spr_slmn_1.wav
mk12spr_marksman_systemdist.ogg	Modern Warfare 3 distant report	D:\Call of Duty - Modern Warfare 3 .FF Files\Call of Duty - Modern Warfare 3 Sound, VO & Music\.FF Files\weapons\mk12spr\weap_mk12spr_slst_1.wav
mk12spr_marksman_systemreload.ogg	Modern Warfare 3 designed reload	D:\Call of Duty - Modern Warfare 3 .FF Files\Call of Duty - Modern Warfare 3 Sound, VO & Music\.FF Files\foley\wpfoly_mk12spr_reload_clipout_v1.wav + D:\Call of Duty - Modern Warfare 3 .FF Files\Call of Duty - Modern Warfare 3 Sound, VO & Music\.FF Files\foley\wpfoly_mk12spr_reload_chamber_v1.wav + D:\Call of Duty - Modern Warfare 3 .FF Files\Call of Duty - Modern Warfare 3 Sound, VO & Music\.FF Files\foley\wpfoly_mk12spr_reload_chamber_v1.wav
mk12spr_marksman_systemdraw.ogg	Modern Warfare 3 draw	D:\Call of Duty - Modern Warfare 3 .FF Files\Call of Duty - Modern Warfare 3 Sound, VO & Music\.FF Files\foley\wpfoly_mk12spr_reload_lift_v1.wav
mk12spr_marksman_systemholster.ogg	Modern Warfare 3 holster	D:\Call of Duty - Modern Warfare 3 .FF Files\Call of Duty - Modern Warfare 3 Sound, VO & Music\.FF Files\foley\wpfoly_mk12spr_reload_lift_v1.wav
mk12spr_marksman_systemunload.ogg	Modern Warfare 3 unload	D:\Call of Duty - Modern Warfare 3 .FF Files\Call of Duty - Modern Warfare 3 Sound, VO & Music\.FF Files\foley\wpfoly_mk12spr_reload_clipout_v1.wav
mk12spr_marksman_systemreloadend.ogg	Modern Warfare 3 reloadend	D:\Call of Duty - Modern Warfare 3 .FF Files\Call of Duty - Modern Warfare 3 Sound, VO & Music\.FF Files\foley\wpfoly_mk12spr_reload_chamber_v1.wav
mk12spr_marksman_systemempty.ogg	Modern Warfare 3 empty	D:\Call of Duty - Modern Warfare 3 .FF Files\Call of Duty - Modern Warfare 3 Sound, VO & Music\.FF Files\foley\wpfoly_mk12spr_reload_chamber_v1.wav
mk46_squad_automaticfire1.ogg	Modern Warfare 3 report	D:\Call of Duty - Modern Warfare 3 .FF Files\Call of Duty - Modern Warfare 3 Sound, VO & Music\.FF Files\weapons\mk46\weap_mk46_slmn_1.wav
mk46_squad_automaticfire2.ogg	Modern Warfare 3 report	D:\Call of Duty - Modern Warfare 3 .FF Files\Call of Duty - Modern Warfare 3 Sound, VO & Music\.FF Files\weapons\mk46\weap_mk46_slst_1.wav
mk46_squad_automaticfire3.ogg	Modern Warfare 3 report	D:\Call of Duty - Modern Warfare 3 .FF Files\Call of Duty - Modern Warfare 3 Sound, VO & Music\.FF Files\weapons\mk46\weap_mk46_slmn_1.wav
mk46_squad_automaticdist.ogg	Modern Warfare 3 distant report	D:\Call of Duty - Modern Warfare 3 .FF Files\Call of Duty - Modern Warfare 3 Sound, VO & Music\.FF Files\weapons\mk46\weap_mk46_slst_1.wav
mk46_squad_automaticreload.ogg	Modern Warfare 3 designed reload	D:\Call of Duty - Modern Warfare 3 .FF Files\Call of Duty - Modern Warfare 3 Sound, VO & Music\.FF Files\foley\wpfoly_mk46_reload_clipout_v1.wav + D:\Call of Duty - Modern Warfare 3 .FF Files\Call of Duty - Modern Warfare 3 Sound, VO & Music\.FF Files\foley\wpfoly_mk46_reload_bullets_v1.wav + D:\Call of Duty - Modern Warfare 3 .FF Files\Call of Duty - Modern Warfare 3 Sound, VO & Music\.FF Files\foley\wpfoly_mk46_reload_chamber_v1.wav
mk46_squad_automaticdraw.ogg	Modern Warfare 3 draw	D:\Call of Duty - Modern Warfare 3 .FF Files\Call of Duty - Modern Warfare 3 Sound, VO & Music\.FF Files\foley\wpfoly_mk46_reload_lift_v1.wav
mk46_squad_automaticholster.ogg	Modern Warfare 3 holster	D:\Call of Duty - Modern Warfare 3 .FF Files\Call of Duty - Modern Warfare 3 Sound, VO & Music\.FF Files\foley\wpfoly_mk46_reload_lift_v1.wav
mk46_squad_automaticunload.ogg	Modern Warfare 3 unload	D:\Call of Duty - Modern Warfare 3 .FF Files\Call of Duty - Modern Warfare 3 Sound, VO & Music\.FF Files\foley\wpfoly_mk46_reload_clipout_v1.wav
mk46_squad_automaticreloadend.ogg	Modern Warfare 3 reloadend	D:\Call of Duty - Modern Warfare 3 .FF Files\Call of Duty - Modern Warfare 3 Sound, VO & Music\.FF Files\foley\wpfoly_mk46_reload_chamber_v1.wav
mk46_squad_automaticempty.ogg	Modern Warfare 3 empty	D:\Call of Duty - Modern Warfare 3 .FF Files\Call of Duty - Modern Warfare 3 Sound, VO & Music\.FF Files\foley\wpfoly_mk46_reload_chamber_v1.wav
mp412_tactical_pistolfire1.ogg	Modern Warfare 3 report	D:\Call of Duty - Modern Warfare 3 .FF Files\Call of Duty - Modern Warfare 3 Sound, VO & Music\.FF Files\weapons\mp412\weap_mp412_slst_1.wav
mp412_tactical_pistolfire2.ogg	Modern Warfare 3 report	D:\Call of Duty - Modern Warfare 3 .FF Files\Call of Duty - Modern Warfare 3 Sound, VO & Music\.FF Files\weapons\mp412\weap_mp412_slst_1.wav
mp412_tactical_pistolfire3.ogg	Modern Warfare 3 report	D:\Call of Duty - Modern Warfare 3 .FF Files\Call of Duty - Modern Warfare 3 Sound, VO & Music\.FF Files\weapons\mp412\weap_mp412_slst_1.wav
mp412_tactical_pistoldist.ogg	Modern Warfare 3 distant report	D:\Call of Duty - Modern Warfare 3 .FF Files\Call of Duty - Modern Warfare 3 Sound, VO & Music\.FF Files\weapons\mp412\weap_mp412_slst_1.wav
mp412_tactical_pistolreload.ogg	Modern Warfare 3 designed reload	D:\Call of Duty - Modern Warfare 3 .FF Files\Call of Duty - Modern Warfare 3 Sound, VO & Music\.FF Files\foley\wpfoly_mp412_reload_open_v1.wav + D:\Call of Duty - Modern Warfare 3 .FF Files\Call of Duty - Modern Warfare 3 Sound, VO & Music\.FF Files\foley\wpfoly_mp412_reload_clipin_v1.wav + D:\Call of Duty - Modern Warfare 3 .FF Files\Call of Duty - Modern Warfare 3 Sound, VO & Music\.FF Files\foley\wpfoly_mp412_reload_open_v1.wav
mp412_tactical_pistoldraw.ogg	Modern Warfare 3 draw	D:\Call of Duty - Modern Warfare 3 .FF Files\Call of Duty - Modern Warfare 3 Sound, VO & Music\.FF Files\foley\wpfoly_mp412_reload_lift_v1.wav
mp412_tactical_pistolholster.ogg	Modern Warfare 3 holster	D:\Call of Duty - Modern Warfare 3 .FF Files\Call of Duty - Modern Warfare 3 Sound, VO & Music\.FF Files\foley\wpfoly_mp412_reload_lift_v1.wav
mp412_tactical_pistolunload.ogg	Modern Warfare 3 unload	D:\Call of Duty - Modern Warfare 3 .FF Files\Call of Duty - Modern Warfare 3 Sound, VO & Music\.FF Files\foley\wpfoly_mp412_reload_open_v1.wav
mp412_tactical_pistolreloadend.ogg	Modern Warfare 3 reloadend	D:\Call of Duty - Modern Warfare 3 .FF Files\Call of Duty - Modern Warfare 3 Sound, VO & Music\.FF Files\foley\wpfoly_mp412_reload_open_v1.wav
mp412_tactical_pistolempty.ogg	Modern Warfare 3 empty	D:\Call of Duty - Modern Warfare 3 .FF Files\Call of Duty - Modern Warfare 3 Sound, VO & Music\.FF Files\foley\wpfoly_mp412_reload_open_v1.wav
mp5_personal_defence_weaponfire1.ogg	Modern Warfare 3 report	D:\Call of Duty - Modern Warfare 3 .FF Files\Call of Duty - Modern Warfare 3 Sound, VO & Music\.FF Files\weapons\mp5\weap_mp5_silencer_slmn_2d.wav
mp5_personal_defence_weaponfire2.ogg	Modern Warfare 3 report	D:\Call of Duty - Modern Warfare 3 .FF Files\Call of Duty - Modern Warfare 3 Sound, VO & Music\.FF Files\weapons\mp5\weap_mp5_silencer_slst_2d.wav
mp5_personal_defence_weaponfire3.ogg	Modern Warfare 3 report	D:\Call of Duty - Modern Warfare 3 .FF Files\Call of Duty - Modern Warfare 3 Sound, VO & Music\.FF Files\weapons\mp5\weap_mp5_slmn_6m3.wav
mp5_personal_defence_weapondist.ogg	Modern Warfare 3 distant report	D:\Call of Duty - Modern Warfare 3 .FF Files\Call of Duty - Modern Warfare 3 Sound, VO & Music\.FF Files\weapons\mp5\weap_mp5_slst_6m3.wav
mp5_personal_defence_weaponreload.ogg	Modern Warfare 3 designed reload	D:\Call of Duty - Modern Warfare 3 .FF Files\Call of Duty - Modern Warfare 3 Sound, VO & Music\.FF Files\foley\wpfoly_m4_reload_clipout.wav + D:\Call of Duty - Modern Warfare 3 .FF Files\Call of Duty - Modern Warfare 3 Sound, VO & Music\.FF Files\foley\wpfoly_m4_reload_clipin.wav + D:\Call of Duty - Modern Warfare 3 .FF Files\Call of Duty - Modern Warfare 3 Sound, VO & Music\.FF Files\foley\wpfoly_m4reload_chamber_v10.wav
mp5_personal_defence_weapondraw.ogg	Modern Warfare 3 draw	D:\Call of Duty - Modern Warfare 3 .FF Files\Call of Duty - Modern Warfare 3 Sound, VO & Music\.FF Files\foley\wpfoly_m4reload_lift_v10.wav
mp5_personal_defence_weaponholster.ogg	Modern Warfare 3 holster	D:\Call of Duty - Modern Warfare 3 .FF Files\Call of Duty - Modern Warfare 3 Sound, VO & Music\.FF Files\foley\wpfoly_m4reload_lift_v10.wav
mp5_personal_defence_weaponunload.ogg	Modern Warfare 3 unload	D:\Call of Duty - Modern Warfare 3 .FF Files\Call of Duty - Modern Warfare 3 Sound, VO & Music\.FF Files\foley\wpfoly_m4_reload_clipout.wav
mp5_personal_defence_weaponreloadend.ogg	Modern Warfare 3 reloadend	D:\Call of Duty - Modern Warfare 3 .FF Files\Call of Duty - Modern Warfare 3 Sound, VO & Music\.FF Files\foley\wpfoly_m4reload_chamber_v10.wav
mp5_personal_defence_weaponempty.ogg	Modern Warfare 3 empty	D:\Call of Duty - Modern Warfare 3 .FF Files\Call of Duty - Modern Warfare 3 Sound, VO & Music\.FF Files\foley\wpfoly_m4reload_chamber_v10.wav
mp7_personal_defence_weaponfire1.ogg	Modern Warfare 3 report	D:\Call of Duty - Modern Warfare 3 .FF Files\Call of Duty - Modern Warfare 3 Sound, VO & Music\.FF Files\weapons\mp7\weap_mp7_slmn_1.wav
mp7_personal_defence_weaponfire2.ogg	Modern Warfare 3 report	D:\Call of Duty - Modern Warfare 3 .FF Files\Call of Duty - Modern Warfare 3 Sound, VO & Music\.FF Files\weapons\mp7\weap_mp7_slst_1.wav
mp7_personal_defence_weaponfire3.ogg	Modern Warfare 3 report	D:\Call of Duty - Modern Warfare 3 .FF Files\Call of Duty - Modern Warfare 3 Sound, VO & Music\.FF Files\weapons\mp7\weap_mp7_slmn_1.wav
mp7_personal_defence_weapondist.ogg	Modern Warfare 3 distant report	D:\Call of Duty - Modern Warfare 3 .FF Files\Call of Duty - Modern Warfare 3 Sound, VO & Music\.FF Files\weapons\mp7\weap_mp7_slst_1.wav
mp7_personal_defence_weaponreload.ogg	Modern Warfare 3 designed reload	D:\Call of Duty - Modern Warfare 3 .FF Files\Call of Duty - Modern Warfare 3 Sound, VO & Music\.FF Files\foley\wpfoly_mp7_reload_clipout_v1.wav + D:\Call of Duty - Modern Warfare 3 .FF Files\Call of Duty - Modern Warfare 3 Sound, VO & Music\.FF Files\foley\wpfoly_mp7_reload_chamber_v1.wav + D:\Call of Duty - Modern Warfare 3 .FF Files\Call of Duty - Modern Warfare 3 Sound, VO & Music\.FF Files\foley\wpfoly_mp7_reload_chamber_v1.wav
mp7_personal_defence_weapondraw.ogg	Modern Warfare 3 draw	D:\Call of Duty - Modern Warfare 3 .FF Files\Call of Duty - Modern Warfare 3 Sound, VO & Music\.FF Files\foley\wpfoly_mp7_reload_lift_v1.wav
mp7_personal_defence_weaponholster.ogg	Modern Warfare 3 holster	D:\Call of Duty - Modern Warfare 3 .FF Files\Call of Duty - Modern Warfare 3 Sound, VO & Music\.FF Files\foley\wpfoly_mp7_reload_lift_v1.wav
mp7_personal_defence_weaponunload.ogg	Modern Warfare 3 unload	D:\Call of Duty - Modern Warfare 3 .FF Files\Call of Duty - Modern Warfare 3 Sound, VO & Music\.FF Files\foley\wpfoly_mp7_reload_clipout_v1.wav
mp7_personal_defence_weaponreloadend.ogg	Modern Warfare 3 reloadend	D:\Call of Duty - Modern Warfare 3 .FF Files\Call of Duty - Modern Warfare 3 Sound, VO & Music\.FF Files\foley\wpfoly_mp7_reload_chamber_v1.wav
mp7_personal_defence_weaponempty.ogg	Modern Warfare 3 empty	D:\Call of Duty - Modern Warfare 3 .FF Files\Call of Duty - Modern Warfare 3 Sound, VO & Music\.FF Files\foley\wpfoly_mp7_reload_chamber_v1.wav
p90_personal_defence_weaponfire1.ogg	Modern Warfare 3 report	D:\Call of Duty - Modern Warfare 3 .FF Files\Call of Duty - Modern Warfare 3 Sound, VO & Music\.FF Files\weapons\p90\weap_p90_silencer_slmn_1.wav
p90_personal_defence_weaponfire2.ogg	Modern Warfare 3 report	D:\Call of Duty - Modern Warfare 3 .FF Files\Call of Duty - Modern Warfare 3 Sound, VO & Music\.FF Files\weapons\p90\weap_p90_silencer_slst_1.wav
p90_personal_defence_weaponfire3.ogg	Modern Warfare 3 report	D:\Call of Duty - Modern Warfare 3 .FF Files\Call of Duty - Modern Warfare 3 Sound, VO & Music\.FF Files\weapons\p90\weap_p90_slmn_1.wav
p90_personal_defence_weapondist.ogg	Modern Warfare 3 distant report	D:\Call of Duty - Modern Warfare 3 .FF Files\Call of Duty - Modern Warfare 3 Sound, VO & Music\.FF Files\weapons\p90\weap_p90_slst_1.wav
p90_personal_defence_weaponreload.ogg	Modern Warfare 3 designed reload	D:\Call of Duty - Modern Warfare 3 .FF Files\Call of Duty - Modern Warfare 3 Sound, VO & Music\.FF Files\foley\wpfoly_p90_reload_clipout_v1.wav + D:\Call of Duty - Modern Warfare 3 .FF Files\Call of Duty - Modern Warfare 3 Sound, VO & Music\.FF Files\foley\wpfoly_p90_reload_chamber_v1.wav + D:\Call of Duty - Modern Warfare 3 .FF Files\Call of Duty - Modern Warfare 3 Sound, VO & Music\.FF Files\foley\wpfoly_p90_reload_chamber_v1.wav
p90_personal_defence_weapondraw.ogg	Modern Warfare 3 draw	D:\Call of Duty - Modern Warfare 3 .FF Files\Call of Duty - Modern Warfare 3 Sound, VO & Music\.FF Files\foley\wpfoly_p90_reload_lift_v1.wav
p90_personal_defence_weaponholster.ogg	Modern Warfare 3 holster	D:\Call of Duty - Modern Warfare 3 .FF Files\Call of Duty - Modern Warfare 3 Sound, VO & Music\.FF Files\foley\wpfoly_p90_reload_lift_v1.wav
p90_personal_defence_weaponunload.ogg	Modern Warfare 3 unload	D:\Call of Duty - Modern Warfare 3 .FF Files\Call of Duty - Modern Warfare 3 Sound, VO & Music\.FF Files\foley\wpfoly_p90_reload_clipout_v1.wav
p90_personal_defence_weaponreloadend.ogg	Modern Warfare 3 reloadend	D:\Call of Duty - Modern Warfare 3 .FF Files\Call of Duty - Modern Warfare 3 Sound, VO & Music\.FF Files\foley\wpfoly_p90_reload_chamber_v1.wav
p90_personal_defence_weaponempty.ogg	Modern Warfare 3 empty	D:\Call of Duty - Modern Warfare 3 .FF Files\Call of Duty - Modern Warfare 3 Sound, VO & Music\.FF Files\foley\wpfoly_p90_reload_chamber_v1.wav
p99_tactical_pistolfire1.ogg	Modern Warfare 3 report	D:\Call of Duty - Modern Warfare 3 .FF Files\Call of Duty - Modern Warfare 3 Sound, VO & Music\.FF Files\weapons\p99\weap_p99_slmn_1.wav
p99_tactical_pistolfire2.ogg	Modern Warfare 3 report	D:\Call of Duty - Modern Warfare 3 .FF Files\Call of Duty - Modern Warfare 3 Sound, VO & Music\.FF Files\weapons\p99\weap_p99_slst_1.wav
p99_tactical_pistolfire3.ogg	Modern Warfare 3 report	D:\Call of Duty - Modern Warfare 3 .FF Files\Call of Duty - Modern Warfare 3 Sound, VO & Music\.FF Files\weapons\p99\weap_p99_slmn_1.wav
p99_tactical_pistoldist.ogg	Modern Warfare 3 distant report	D:\Call of Duty - Modern Warfare 3 .FF Files\Call of Duty - Modern Warfare 3 Sound, VO & Music\.FF Files\weapons\p99\weap_p99_slst_1.wav
p99_tactical_pistolreload.ogg	Modern Warfare 3 designed reload	D:\Call of Duty - Modern Warfare 3 .FF Files\Call of Duty - Modern Warfare 3 Sound, VO & Music\.FF Files\foley\wpfoly_p99_reload_clipout_v1.wav + D:\Call of Duty - Modern Warfare 3 .FF Files\Call of Duty - Modern Warfare 3 Sound, VO & Music\.FF Files\foley\wpfoly_p99_reload_chamber_v1.wav + D:\Call of Duty - Modern Warfare 3 .FF Files\Call of Duty - Modern Warfare 3 Sound, VO & Music\.FF Files\foley\wpfoly_p99_reload_chamber_v1.wav
p99_tactical_pistoldraw.ogg	Modern Warfare 3 draw	D:\Call of Duty - Modern Warfare 3 .FF Files\Call of Duty - Modern Warfare 3 Sound, VO & Music\.FF Files\foley\wpfoly_p99_reload_lift_v1.wav
p99_tactical_pistolholster.ogg	Modern Warfare 3 holster	D:\Call of Duty - Modern Warfare 3 .FF Files\Call of Duty - Modern Warfare 3 Sound, VO & Music\.FF Files\foley\wpfoly_p99_reload_lift_v1.wav
p99_tactical_pistolunload.ogg	Modern Warfare 3 unload	D:\Call of Duty - Modern Warfare 3 .FF Files\Call of Duty - Modern Warfare 3 Sound, VO & Music\.FF Files\foley\wpfoly_p99_reload_clipout_v1.wav
p99_tactical_pistolreloadend.ogg	Modern Warfare 3 reloadend	D:\Call of Duty - Modern Warfare 3 .FF Files\Call of Duty - Modern Warfare 3 Sound, VO & Music\.FF Files\foley\wpfoly_p99_reload_chamber_v1.wav
p99_tactical_pistolempty.ogg	Modern Warfare 3 empty	D:\Call of Duty - Modern Warfare 3 .FF Files\Call of Duty - Modern Warfare 3 Sound, VO & Music\.FF Files\foley\wpfoly_p99_reload_chamber_v1.wav
pecheneg_squad_automaticfire1.ogg	Modern Warfare 3 report	D:\Call of Duty - Modern Warfare 3 .FF Files\Call of Duty - Modern Warfare 3 Sound, VO & Music\.FF Files\weapons\pecheneg\weap_pecheneg_slmn_1.wav
pecheneg_squad_automaticfire2.ogg	Modern Warfare 3 report	D:\Call of Duty - Modern Warfare 3 .FF Files\Call of Duty - Modern Warfare 3 Sound, VO & Music\.FF Files\weapons\pecheneg\weap_pecheneg_slst_1.wav
pecheneg_squad_automaticfire3.ogg	Modern Warfare 3 report	D:\Call of Duty - Modern Warfare 3 .FF Files\Call of Duty - Modern Warfare 3 Sound, VO & Music\.FF Files\weapons\pecheneg\weap_pecheneg_slmn_1.wav
pecheneg_squad_automaticdist.ogg	Modern Warfare 3 distant report	D:\Call of Duty - Modern Warfare 3 .FF Files\Call of Duty - Modern Warfare 3 Sound, VO & Music\.FF Files\weapons\pecheneg\weap_pecheneg_slst_1.wav
pecheneg_squad_automaticreload.ogg	Modern Warfare 3 designed reload	D:\Call of Duty - Modern Warfare 3 .FF Files\Call of Duty - Modern Warfare 3 Sound, VO & Music\.FF Files\foley\wpfoly_pecheneg_reload_clipout_v1.wav + D:\Call of Duty - Modern Warfare 3 .FF Files\Call of Duty - Modern Warfare 3 Sound, VO & Music\.FF Files\foley\wpfoly_pecheneg_reload_chamber_v1.wav + D:\Call of Duty - Modern Warfare 3 .FF Files\Call of Duty - Modern Warfare 3 Sound, VO & Music\.FF Files\foley\wpfoly_pecheneg_reload_chamber_v1.wav
pecheneg_squad_automaticdraw.ogg	Modern Warfare 3 draw	D:\Call of Duty - Modern Warfare 3 .FF Files\Call of Duty - Modern Warfare 3 Sound, VO & Music\.FF Files\foley\wpfoly_pecheneg_reload_lift_v1.wav
pecheneg_squad_automaticholster.ogg	Modern Warfare 3 holster	D:\Call of Duty - Modern Warfare 3 .FF Files\Call of Duty - Modern Warfare 3 Sound, VO & Music\.FF Files\foley\wpfoly_pecheneg_reload_lift_v1.wav
pecheneg_squad_automaticunload.ogg	Modern Warfare 3 unload	D:\Call of Duty - Modern Warfare 3 .FF Files\Call of Duty - Modern Warfare 3 Sound, VO & Music\.FF Files\foley\wpfoly_pecheneg_reload_clipout_v1.wav
pecheneg_squad_automaticreloadend.ogg	Modern Warfare 3 reloadend	D:\Call of Duty - Modern Warfare 3 .FF Files\Call of Duty - Modern Warfare 3 Sound, VO & Music\.FF Files\foley\wpfoly_pecheneg_reload_chamber_v1.wav
pecheneg_squad_automaticempty.ogg	Modern Warfare 3 empty	D:\Call of Duty - Modern Warfare 3 .FF Files\Call of Duty - Modern Warfare 3 Sound, VO & Music\.FF Files\foley\wpfoly_pecheneg_reload_chamber_v1.wav
pp2000_personal_defence_weaponfire1.ogg	Modern Warfare 3 report	D:\Call of Duty - Modern Warfare 3 .FF Files\Call of Duty - Modern Warfare 3 Sound, VO & Music\.FF Files\weapons\pp2000\weap_pp2000_slmn_01c.wav
pp2000_personal_defence_weaponfire2.ogg	Modern Warfare 3 report	D:\Call of Duty - Modern Warfare 3 .FF Files\Call of Duty - Modern Warfare 3 Sound, VO & Music\.FF Files\weapons\pp2000\weap_pp2000_slmn_01c.wav
pp2000_personal_defence_weaponfire3.ogg	Modern Warfare 3 report	D:\Call of Duty - Modern Warfare 3 .FF Files\Call of Duty - Modern Warfare 3 Sound, VO & Music\.FF Files\weapons\pp2000\weap_pp2000_slmn_01c.wav
pp2000_personal_defence_weapondist.ogg	Modern Warfare 3 distant report	D:\Call of Duty - Modern Warfare 3 .FF Files\Call of Duty - Modern Warfare 3 Sound, VO & Music\.FF Files\weapons\pp2000\weap_pp2000_slmn_01c.wav
pp2000_personal_defence_weaponreload.ogg	Modern Warfare 3 designed reload	D:\Call of Duty - Modern Warfare 3 .FF Files\Call of Duty - Modern Warfare 3 Sound, VO & Music\.FF Files\foley\wpfoly_m4_reload_clipout.wav + D:\Call of Duty - Modern Warfare 3 .FF Files\Call of Duty - Modern Warfare 3 Sound, VO & Music\.FF Files\foley\wpfoly_m4_reload_clipin.wav + D:\Call of Duty - Modern Warfare 3 .FF Files\Call of Duty - Modern Warfare 3 Sound, VO & Music\.FF Files\foley\wpfoly_m4reload_chamber_v10.wav
pp2000_personal_defence_weapondraw.ogg	Modern Warfare 3 draw	D:\Call of Duty - Modern Warfare 3 .FF Files\Call of Duty - Modern Warfare 3 Sound, VO & Music\.FF Files\foley\wpfoly_m4reload_lift_v10.wav
pp2000_personal_defence_weaponholster.ogg	Modern Warfare 3 holster	D:\Call of Duty - Modern Warfare 3 .FF Files\Call of Duty - Modern Warfare 3 Sound, VO & Music\.FF Files\foley\wpfoly_m4reload_lift_v10.wav
pp2000_personal_defence_weaponunload.ogg	Modern Warfare 3 unload	D:\Call of Duty - Modern Warfare 3 .FF Files\Call of Duty - Modern Warfare 3 Sound, VO & Music\.FF Files\foley\wpfoly_m4_reload_clipout.wav
pp2000_personal_defence_weaponreloadend.ogg	Modern Warfare 3 reloadend	D:\Call of Duty - Modern Warfare 3 .FF Files\Call of Duty - Modern Warfare 3 Sound, VO & Music\.FF Files\foley\wpfoly_m4reload_chamber_v10.wav
pp2000_personal_defence_weaponempty.ogg	Modern Warfare 3 empty	D:\Call of Duty - Modern Warfare 3 .FF Files\Call of Duty - Modern Warfare 3 Sound, VO & Music\.FF Files\foley\wpfoly_m4reload_chamber_v10.wav
qbz95_modular_riflefire1.ogg	Modern Warfare 3 report	D:\Call of Duty - Modern Warfare 3 .FF Files\Call of Duty - Modern Warfare 3 Sound, VO & Music\.FF Files\weapons\qbz95\weap_qbz95_slmn_1.wav
qbz95_modular_riflefire2.ogg	Modern Warfare 3 report	D:\Call of Duty - Modern Warfare 3 .FF Files\Call of Duty - Modern Warfare 3 Sound, VO & Music\.FF Files\weapons\qbz95\weap_qbz95_slst_1.wav
qbz95_modular_riflefire3.ogg	Modern Warfare 3 report	D:\Call of Duty - Modern Warfare 3 .FF Files\Call of Duty - Modern Warfare 3 Sound, VO & Music\.FF Files\weapons\qbz95\weap_qbz95_slmn_1.wav
qbz95_modular_rifledist.ogg	Modern Warfare 3 distant report	D:\Call of Duty - Modern Warfare 3 .FF Files\Call of Duty - Modern Warfare 3 Sound, VO & Music\.FF Files\weapons\qbz95\weap_qbz95_slst_1.wav
qbz95_modular_riflereload.ogg	Modern Warfare 3 designed reload	D:\Call of Duty - Modern Warfare 3 .FF Files\Call of Duty - Modern Warfare 3 Sound, VO & Music\.FF Files\foley\wpfoly_m4_reload_clipout.wav + D:\Call of Duty - Modern Warfare 3 .FF Files\Call of Duty - Modern Warfare 3 Sound, VO & Music\.FF Files\foley\wpfoly_m4_reload_clipin.wav + D:\Call of Duty - Modern Warfare 3 .FF Files\Call of Duty - Modern Warfare 3 Sound, VO & Music\.FF Files\foley\wpfoly_m4reload_chamber_v10.wav
qbz95_modular_rifledraw.ogg	Modern Warfare 3 draw	D:\Call of Duty - Modern Warfare 3 .FF Files\Call of Duty - Modern Warfare 3 Sound, VO & Music\.FF Files\foley\wpfoly_m4reload_lift_v10.wav
qbz95_modular_rifleholster.ogg	Modern Warfare 3 holster	D:\Call of Duty - Modern Warfare 3 .FF Files\Call of Duty - Modern Warfare 3 Sound, VO & Music\.FF Files\foley\wpfoly_m4reload_lift_v10.wav
qbz95_modular_rifleunload.ogg	Modern Warfare 3 unload	D:\Call of Duty - Modern Warfare 3 .FF Files\Call of Duty - Modern Warfare 3 Sound, VO & Music\.FF Files\foley\wpfoly_m4_reload_clipout.wav
qbz95_modular_riflereloadend.ogg	Modern Warfare 3 reloadend	D:\Call of Duty - Modern Warfare 3 .FF Files\Call of Duty - Modern Warfare 3 Sound, VO & Music\.FF Files\foley\wpfoly_m4reload_chamber_v10.wav
qbz95_modular_rifleempty.ogg	Modern Warfare 3 empty	D:\Call of Duty - Modern Warfare 3 .FF Files\Call of Duty - Modern Warfare 3 Sound, VO & Music\.FF Files\foley\wpfoly_m4reload_chamber_v10.wav
sa80_squad_automaticfire1.ogg	Modern Warfare 3 report	D:\Call of Duty - Modern Warfare 3 .FF Files\Call of Duty - Modern Warfare 3 Sound, VO & Music\.FF Files\weapons\sa80\weap_sa80_slmn_1b.wav
sa80_squad_automaticfire2.ogg	Modern Warfare 3 report	D:\Call of Duty - Modern Warfare 3 .FF Files\Call of Duty - Modern Warfare 3 Sound, VO & Music\.FF Files\weapons\sa80\weap_sa80_slst_1b.wav
sa80_squad_automaticfire3.ogg	Modern Warfare 3 report	D:\Call of Duty - Modern Warfare 3 .FF Files\Call of Duty - Modern Warfare 3 Sound, VO & Music\.FF Files\weapons\sa80\weap_sa80_slmn_1b.wav
sa80_squad_automaticdist.ogg	Modern Warfare 3 distant report	D:\Call of Duty - Modern Warfare 3 .FF Files\Call of Duty - Modern Warfare 3 Sound, VO & Music\.FF Files\weapons\sa80\weap_sa80_slst_1b.wav
sa80_squad_automaticreload.ogg	Modern Warfare 3 designed reload	D:\Call of Duty - Modern Warfare 3 .FF Files\Call of Duty - Modern Warfare 3 Sound, VO & Music\.FF Files\foley\wpfoly_m4_reload_clipout.wav + D:\Call of Duty - Modern Warfare 3 .FF Files\Call of Duty - Modern Warfare 3 Sound, VO & Music\.FF Files\foley\wpfoly_m4_reload_clipin.wav + D:\Call of Duty - Modern Warfare 3 .FF Files\Call of Duty - Modern Warfare 3 Sound, VO & Music\.FF Files\foley\wpfoly_m4reload_chamber_v10.wav
sa80_squad_automaticdraw.ogg	Modern Warfare 3 draw	D:\Call of Duty - Modern Warfare 3 .FF Files\Call of Duty - Modern Warfare 3 Sound, VO & Music\.FF Files\foley\wpfoly_m4reload_lift_v10.wav
sa80_squad_automaticholster.ogg	Modern Warfare 3 holster	D:\Call of Duty - Modern Warfare 3 .FF Files\Call of Duty - Modern Warfare 3 Sound, VO & Music\.FF Files\foley\wpfoly_m4reload_lift_v10.wav
sa80_squad_automaticunload.ogg	Modern Warfare 3 unload	D:\Call of Duty - Modern Warfare 3 .FF Files\Call of Duty - Modern Warfare 3 Sound, VO & Music\.FF Files\foley\wpfoly_m4_reload_clipout.wav
sa80_squad_automaticreloadend.ogg	Modern Warfare 3 reloadend	D:\Call of Duty - Modern Warfare 3 .FF Files\Call of Duty - Modern Warfare 3 Sound, VO & Music\.FF Files\foley\wpfoly_m4reload_chamber_v10.wav
sa80_squad_automaticempty.ogg	Modern Warfare 3 empty	D:\Call of Duty - Modern Warfare 3 .FF Files\Call of Duty - Modern Warfare 3 Sound, VO & Music\.FF Files\foley\wpfoly_m4reload_chamber_v10.wav
skorpion_personal_defence_weaponfire1.ogg	Modern Warfare 3 report	D:\Call of Duty - Modern Warfare 3 .FF Files\Call of Duty - Modern Warfare 3 Sound, VO & Music\.FF Files\weapons\skorpion\weap_skorpion_slmn_1bx.wav
skorpion_personal_defence_weaponfire2.ogg	Modern Warfare 3 report	D:\Call of Duty - Modern Warfare 3 .FF Files\Call of Duty - Modern Warfare 3 Sound, VO & Music\.FF Files\weapons\skorpion\weap_skorpion_slst_2.wav
skorpion_personal_defence_weaponfire3.ogg	Modern Warfare 3 report	D:\Call of Duty - Modern Warfare 3 .FF Files\Call of Duty - Modern Warfare 3 Sound, VO & Music\.FF Files\weapons\skorpion\weap_skorpion_slmn_1bx.wav
skorpion_personal_defence_weapondist.ogg	Modern Warfare 3 distant report	D:\Call of Duty - Modern Warfare 3 .FF Files\Call of Duty - Modern Warfare 3 Sound, VO & Music\.FF Files\weapons\skorpion\weap_skorpion_slst_2.wav
skorpion_personal_defence_weaponreload.ogg	Modern Warfare 3 designed reload	D:\Call of Duty - Modern Warfare 3 .FF Files\Call of Duty - Modern Warfare 3 Sound, VO & Music\.FF Files\foley\wpfoly_skorpion_reload_clipout_v1.wav + D:\Call of Duty - Modern Warfare 3 .FF Files\Call of Duty - Modern Warfare 3 Sound, VO & Music\.FF Files\foley\wpfoly_skorpion_reload_chamber_v1.wav + D:\Call of Duty - Modern Warfare 3 .FF Files\Call of Duty - Modern Warfare 3 Sound, VO & Music\.FF Files\foley\wpfoly_skorpion_reload_chamber_v1.wav
skorpion_personal_defence_weapondraw.ogg	Modern Warfare 3 draw	D:\Call of Duty - Modern Warfare 3 .FF Files\Call of Duty - Modern Warfare 3 Sound, VO & Music\.FF Files\foley\wpfoly_skorpion_reload_lift_v1.wav
skorpion_personal_defence_weaponholster.ogg	Modern Warfare 3 holster	D:\Call of Duty - Modern Warfare 3 .FF Files\Call of Duty - Modern Warfare 3 Sound, VO & Music\.FF Files\foley\wpfoly_skorpion_reload_lift_v1.wav
skorpion_personal_defence_weaponunload.ogg	Modern Warfare 3 unload	D:\Call of Duty - Modern Warfare 3 .FF Files\Call of Duty - Modern Warfare 3 Sound, VO & Music\.FF Files\foley\wpfoly_skorpion_reload_clipout_v1.wav
skorpion_personal_defence_weaponreloadend.ogg	Modern Warfare 3 reloadend	D:\Call of Duty - Modern Warfare 3 .FF Files\Call of Duty - Modern Warfare 3 Sound, VO & Music\.FF Files\foley\wpfoly_skorpion_reload_chamber_v1.wav
skorpion_personal_defence_weaponempty.ogg	Modern Warfare 3 empty	D:\Call of Duty - Modern Warfare 3 .FF Files\Call of Duty - Modern Warfare 3 Sound, VO & Music\.FF Files\foley\wpfoly_skorpion_reload_chamber_v1.wav
